"Review_ID","Version","Review_Date","File_or_Directory","Privacy_Category","Potential_Account_Data","Potential_Identity_Data","Potential_Tax_Data","Potential_Medical_Data","Potential_Credential","Potential_Beneficiary_Data","Automated_Scan_Result","Manual_Review_Result","Release_Blocking","Corrective_Action","Reviewed_By","Verification_Date","Current_Status","Notes"
"PRIV-0001","1.0.0","2026-08-01",".github/workflows/portfolio-data-and-content-qa.yml","Repository File","No","No","No","No","No","No","No Indicator","No Automated Indicator","No","","Pending Manual Reviewer","","No Automated Indicator",""
"PRIV-0002","1.0.0","2026-08-01",".github/workflows/repository-quality-checks.yml","Repository File","No","No","No","No","No","No","No Indicator","No Automated Indicator","No","","Pending Manual Reviewer","","No Automated Indicator",""
"PRIV-0003","1.0.0","2026-08-01",".github/workflows/version-1-release-readiness.yml","Repository File","No","No","No","No","No","No","No Indicator","No Automated Indicator","No","","Pending Manual Reviewer","","No Automated Indicator",""
"PRIV-0004","1.0.0","2026-08-01","01-etf-fundamentals/01_What_Is_an_ETF.md","Repository File","No","No","No","No","No","No","No Indicator","No Automated Indicator","No","","Pending Manual Reviewer","","No Automated Indicator",""
"PRIV-0005","1.0.0","2026-08-01","01-etf-fundamentals/02_ETF_Costs_and_Trading.md","Repository File","No","No","No","No","No","No","No Indicator","No Automated Indicator","No","","Pending Manual Reviewer","","No Automated Indicator",""
"PRIV-0006","1.0.0","2026-08-01","01-etf-fundamentals/03_Diversification_Risk_and_Drawdowns.md","Repository File","No","No","No","No","No","No","No Indicator","No Automated Indicator","No","","Pending Manual Reviewer","","No Automated Indicator",""
"PRIV-0007","1.0.0","2026-08-01","01-etf-fundamentals/04_ETF_Types_and_Index_Construction.md","Repository File","No","No","No","No","No","No","No Indicator","No Automated Indicator","No","","Pending Manual Reviewer","","No Automated Indicator",""
"PRIV-0008","1.0.0","2026-08-01","01-etf-fundamentals/05_ETF_Domicile_Distribution_Tax_and_Cross_Border_Due_Diligence.md","Repository File","No","No","No","No","No","No","No Indicator","No Automated Indicator","No","","Pending Manual Reviewer","","No Automated Indicator",""
"PRIV-0009","1.0.0","2026-08-01","01-etf-fundamentals/06_ETF_Liquidity_Premiums_Discounts_and_Execution_Controls.md","Repository File","No","No","No","No","No","No","No Indicator","No Automated Indicator","No","","Pending Manual Reviewer","","No Automated Indicator",""
"PRIV-0010","1.0.0","2026-08-01","01-etf-fundamentals/07_ETF_Index_Methodology_Tracking_Difference_and_Benchmark_Governance.md","Repository File","No","No","No","No","No","No","No Indicator","No Automated Indicator","No","","Pending Manual Reviewer","","No Automated Indicator",""
"PRIV-0011","1.0.0","2026-08-01","01-etf-fundamentals/08_ETF_Securities_Lending_Derivatives_Counterparty_and_Collateral_Risk.md","Repository File","No","No","No","No","No","No","No Indicator","No Automated Indicator","No","","Pending Manual Reviewer","","No Automated Indicator",""
"PRIV-0012","1.0.0","2026-08-01","01-etf-fundamentals/09_ETF_Fund_Closure_Merger_Delisting_and_Exit_Transition_Planning.md","Repository File","No","No","No","No","No","No","No Indicator","No Automated Indicator","No","","Pending Manual Reviewer","","No Automated Indicator",""
"PRIV-0013","1.0.0","2026-08-01","01-etf-fundamentals/ETF_Closure_and_Transition_Decision_Register.csv","Repository File","No","No","No","No","No","No","No Indicator","No Automated Indicator","No","","Pending Manual Reviewer","","No Automated Indicator",""
"PRIV-0014","1.0.0","2026-08-01","01-etf-fundamentals/ETF_Closure_Merger_and_Delisting_Event_Register.csv","Repository File","No","No","No","No","No","No","No Indicator","No Automated Indicator","No","","Pending Manual Reviewer","","No Automated Indicator",""
"PRIV-0015","1.0.0","2026-08-01","01-etf-fundamentals/ETF_Closure_Merger_and_Liquidation_Reconciliation.csv","Repository File","No","No","No","No","No","No","No Indicator","No Automated Indicator","No","","Pending Manual Reviewer","","No Automated Indicator",""
"PRIV-0016","1.0.0","2026-08-01","01-etf-fundamentals/ETF_Closure_Position_and_Tax_Lot_Inventory.csv","Repository File","No","No","No","No","No","No","No Indicator","No Automated Indicator","No","","Pending Manual Reviewer","","No Automated Indicator",""
"PRIV-0017","1.0.0","2026-08-01","01-etf-fundamentals/ETF_Collateral_Quality_and_Concentration_Register.csv","Repository File","No","No","No","No","No","No","No Indicator","No Automated Indicator","No","","Pending Manual Reviewer","","No Automated Indicator",""
"PRIV-0018","1.0.0","2026-08-01","01-etf-fundamentals/ETF_Corporate_Action_and_Fund_Change_Register.csv","Repository File","No","No","No","No","No","No","No Indicator","No Automated Indicator","No","","Pending Manual Reviewer","","No Automated Indicator",""
"PRIV-0019","1.0.0","2026-08-01","01-etf-fundamentals/ETF_Corporate_Action_Timeline_Register.csv","Repository File","No","No","No","No","No","No","No Indicator","No Automated Indicator","No","","Pending Manual Reviewer","","No Automated Indicator",""
"PRIV-0020","1.0.0","2026-08-01","01-etf-fundamentals/ETF_Counterparty_and_Collateral_Event_Register.csv","Repository File","No","No","No","No","No","No","No Indicator","No Automated Indicator","No","","Pending Manual Reviewer","","No Automated Indicator",""
"PRIV-0021","1.0.0","2026-08-01","01-etf-fundamentals/ETF_Counterparty_Concentration_Register.csv","Repository File","No","No","No","No","No","No","No Indicator","No Automated Indicator","No","","Pending Manual Reviewer","","No Automated Indicator",""
"PRIV-0022","1.0.0","2026-08-01","01-etf-fundamentals/ETF_Cross_Border_Due_Diligence_Register.csv","Repository File","No","No","No","No","No","No","No Indicator","No Automated Indicator","No","","Pending Manual Reviewer","","No Automated Indicator",""
"PRIV-0023","1.0.0","2026-08-01","01-etf-fundamentals/ETF_Derivative_and_Counterparty_Exposure_Register.csv","Repository File","No","No","No","No","No","No","No Indicator","No Automated Indicator","No","","Pending Manual Reviewer","","No Automated Indicator",""
"PRIV-0024","1.0.0","2026-08-01","01-etf-fundamentals/ETF_Fund_Closure_Risk_Monitoring_Register.csv","Repository File","No","No","No","No","No","No","No Indicator","No Automated Indicator","No","","Pending Manual Reviewer","","No Automated Indicator",""
"PRIV-0025","1.0.0","2026-08-01","01-etf-fundamentals/ETF_Fund_Document_Register.csv","Repository File","No","No","No","No","No","No","No Indicator","No Automated Indicator","No","","Pending Manual Reviewer","","No Automated Indicator",""
"PRIV-0026","1.0.0","2026-08-01","01-etf-fundamentals/ETF_Fundamentals_Notes.md","Repository File","No","No","No","No","No","No","No Indicator","No Automated Indicator","No","","Pending Manual Reviewer","","No Automated Indicator",""
"PRIV-0027","1.0.0","2026-08-01","01-etf-fundamentals/ETF_Index_and_Benchmark_Change_Register.csv","Repository File","No","No","No","No","No","No","No Indicator","No Automated Indicator","No","","Pending Manual Reviewer","","No Automated Indicator",""
"PRIV-0028","1.0.0","2026-08-01","01-etf-fundamentals/ETF_Index_Methodology_Document_Register.csv","Repository File","No","No","No","No","No","No","No Indicator","No Automated Indicator","No","","Pending Manual Reviewer","","No Automated Indicator",""
"PRIV-0029","1.0.0","2026-08-01","01-etf-fundamentals/ETF_Index_Methodology_Review_Register.csv","Repository File","No","No","No","No","No","No","No Indicator","No Automated Indicator","No","","Pending Manual Reviewer","","No Automated Indicator",""
"PRIV-0030","1.0.0","2026-08-01","01-etf-fundamentals/ETF_Index_Reconstitution_and_Turnover_Register.csv","Repository File","No","No","No","No","No","No","No Indicator","No Automated Indicator","No","","Pending Manual Reviewer","","No Automated Indicator",""
"PRIV-0031","1.0.0","2026-08-01","01-etf-fundamentals/ETF_Liquidity_and_Market_Structure_Register.csv","Repository File","No","No","No","No","No","No","No Indicator","No Automated Indicator","No","","Pending Manual Reviewer","","No Automated Indicator",""
"PRIV-0032","1.0.0","2026-08-01","01-etf-fundamentals/ETF_Market_Stress_and_Trading_Halt_Register.csv","Repository File","No","No","No","No","No","No","No Indicator","No Automated Indicator","No","","Pending Manual Reviewer","","No Automated Indicator",""
"PRIV-0033","1.0.0","2026-08-01","01-etf-fundamentals/ETF_Premium_Discount_and_Spread_Observation_Register.csv","Repository File","No","No","No","No","No","No","No Indicator","No Automated Indicator","No","","Pending Manual Reviewer","","No Automated Indicator",""
"PRIV-0034","1.0.0","2026-08-01","01-etf-fundamentals/ETF_Securities_Lending_Review_Register.csv","Repository File","No","No","No","No","No","No","No Indicator","No Automated Indicator","No","","Pending Manual Reviewer","","No Automated Indicator",""
"PRIV-0035","1.0.0","2026-08-01","01-etf-fundamentals/ETF_Tracking_Difference_and_Error_Register.csv","Repository File","No","No","No","No","No","No","No Indicator","No Automated Indicator","No","","Pending Manual Reviewer","","No Automated Indicator",""
"PRIV-0036","1.0.0","2026-08-01","01-etf-fundamentals/ETF_Trade_Approval_and_Order_Register.csv","Repository File","No","No","No","No","No","No","No Indicator","No Automated Indicator","No","","Pending Manual Reviewer","","No Automated Indicator",""
"PRIV-0037","1.0.0","2026-08-01","01-etf-fundamentals/ETF_Trade_Error_and_Correction_Register.csv","Repository File","No","No","No","No","No","No","No Indicator","No Automated Indicator","No","","Pending Manual Reviewer","","No Automated Indicator",""
"PRIV-0038","1.0.0","2026-08-01","01-etf-fundamentals/ETF_Trade_Execution_and_Slippage_Register.csv","Repository File","No","No","No","No","No","No","No Indicator","No Automated Indicator","No","","Pending Manual Reviewer","","No Automated Indicator",""
"PRIV-0039","1.0.0","2026-08-01","02-colombia-investments/01_Colombia_Investment_Landscape.md","Repository File","No","No","No","No","No","No","No Indicator","No Automated Indicator","No","","Pending Manual Reviewer","","No Automated Indicator",""
"PRIV-0040","1.0.0","2026-08-01","02-colombia-investments/02_CDTs_Fixed_Income_and_Interest_Rate_Risk.md","Repository File","No","No","No","No","No","No","No Indicator","No Automated Indicator","No","","Pending Manual Reviewer","","No Automated Indicator",""
"PRIV-0041","1.0.0","2026-08-01","02-colombia-investments/03_Brokers_Platforms_and_Account_Safety.md","Repository File","No","No","No","No","No","No","No Indicator","No Automated Indicator","No","","Pending Manual Reviewer","","No Automated Indicator",""
"PRIV-0042","1.0.0","2026-08-01","02-colombia-investments/CDT_Maturity_Tracker.csv","Repository File","No","No","No","No","No","No","No Indicator","No Automated Indicator","No","","Pending Manual Reviewer","","No Automated Indicator",""
"PRIV-0043","1.0.0","2026-08-01","02-colombia-investments/Colombia_Investment_Options.md","Repository File","No","No","No","No","No","No","No Indicator","No Automated Indicator","No","","Pending Manual Reviewer","","No Automated Indicator",""
"PRIV-0044","1.0.0","2026-08-01","03-cross-border-tax/01_Cross_Border_Tax_and_Reporting_Checklist.md","Repository File","No","No","No","No","No","No","No Indicator","No Automated Indicator","No","","Pending Manual Reviewer","","No Automated Indicator",""
"PRIV-0045","1.0.0","2026-08-01","03-cross-border-tax/02_Estate_Beneficiary_and_Incapacity_Planning.md","Repository File","No","No","No","No","No","No","No Indicator","No Automated Indicator","No","","Pending Manual Reviewer","","No Automated Indicator",""
"PRIV-0046","1.0.0","2026-08-01","03-cross-border-tax/04_Tax_Documentation_Filing_Readiness_and_Audit_Trail.md","Repository File","No","No","No","No","No","No","No Indicator","No Automated Indicator","No","","Pending Manual Reviewer","","No Automated Indicator",""
"PRIV-0047","1.0.0","2026-08-01","03-cross-border-tax/05_Foreign_Exchange_Cross_Border_Transfers_and_Multi_Currency_Cash_Management.md","Repository File","No","No","No","No","No","No","No Indicator","No Automated Indicator","No","","Pending Manual Reviewer","","No Automated Indicator",""
"PRIV-0048","1.0.0","2026-08-01","03-cross-border-tax/Cross_Border_Asset_and_Beneficiary_Inventory.csv","Repository File","No","No","No","No","No","No","No Indicator","No Automated Indicator","No","","Pending Manual Reviewer","","No Automated Indicator",""
"PRIV-0049","1.0.0","2026-08-01","03-cross-border-tax/Cross_Border_Debt_Inventory.csv","Repository File","No","No","No","No","No","No","No Indicator","No Automated Indicator","No","","Pending Manual Reviewer","","No Automated Indicator",""
"PRIV-0050","1.0.0","2026-08-01","03-cross-border-tax/Cross_Border_Transfer_Approval_Register.csv","Repository File","No","No","No","No","No","No","No Indicator","No Automated Indicator","No","","Pending Manual Reviewer","","No Automated Indicator",""
"PRIV-0051","1.0.0","2026-08-01","03-cross-border-tax/Cross_Border_Transfer_Issue_and_Dispute_Register.csv","Repository File","No","No","No","No","No","No","No Indicator","No Automated Indicator","No","","Pending Manual Reviewer","","No Automated Indicator",""
"PRIV-0052","1.0.0","2026-08-01","03-cross-border-tax/Cross_Border_Transfer_Provider_Comparison.csv","Repository File","No","No","No","No","No","No","No Indicator","No Automated Indicator","No","","Pending Manual Reviewer","","No Automated Indicator",""
"PRIV-0053","1.0.0","2026-08-01","03-cross-border-tax/Cross_Border_Transfer_Reconciliation_Register.csv","Repository File","No","No","No","No","No","No","No Indicator","No Automated Indicator","No","","Pending Manual Reviewer","","No Automated Indicator",""
"PRIV-0054","1.0.0","2026-08-01","03-cross-border-tax/ETF_Distribution_and_Withholding_Register.csv","Repository File","No","No","No","No","No","No","No Indicator","No Automated Indicator","No","","Pending Manual Reviewer","","No Automated Indicator",""
"PRIV-0055","1.0.0","2026-08-01","03-cross-border-tax/ETF_Distribution_Source_and_Tax_Character_Register.csv","Repository File","No","No","No","No","No","No","No Indicator","No Automated Indicator","No","","Pending Manual Reviewer","","No Automated Indicator",""
"PRIV-0056","1.0.0","2026-08-01","03-cross-border-tax/ETF_Estate_and_Succession_Exposure_Register.csv","Repository File","No","No","No","No","No","No","No Indicator","No Automated Indicator","No","","Pending Manual Reviewer","","No Automated Indicator",""
"PRIV-0057","1.0.0","2026-08-01","03-cross-border-tax/Foreign_Account_and_Asset_Reporting_Inventory.csv","Repository File","No","No","No","No","No","No","No Indicator","No Automated Indicator","No","","Pending Manual Reviewer","","No Automated Indicator",""
"PRIV-0058","1.0.0","2026-08-01","03-cross-border-tax/Foreign_Exchange_Rate_Evidence_Register.csv","Repository File","No","No","No","No","No","No","No Indicator","No Automated Indicator","No","","Pending Manual Reviewer","","No Automated Indicator",""
"PRIV-0059","1.0.0","2026-08-01","03-cross-border-tax/Household_Currency_Conversion_Policy_Register.csv","Repository File","No","No","No","No","No","No","No Indicator","No Automated Indicator","No","","Pending Manual Reviewer","","No Automated Indicator",""
"PRIV-0060","1.0.0","2026-08-01","03-cross-border-tax/Household_Currency_Exposure_and_Reserve_Register.csv","Repository File","No","No","No","No","No","No","No Indicator","No Automated Indicator","No","","Pending Manual Reviewer","","No Automated Indicator",""
"PRIV-0061","1.0.0","2026-08-01","03-cross-border-tax/Investment_Tax_Lot_and_Cost_Basis_Register.csv","Repository File","No","No","No","No","No","No","No Indicator","No Automated Indicator","No","","Pending Manual Reviewer","","No Automated Indicator",""
"PRIV-0062","1.0.0","2026-08-01","03-cross-border-tax/Open_Tax_Question_and_Position_Register.csv","Repository File","No","No","No","No","No","No","No Indicator","No Automated Indicator","No","","Pending Manual Reviewer","","No Automated Indicator",""
"PRIV-0063","1.0.0","2026-08-01","03-cross-border-tax/Property_Tax_Income_and_Expense_Register.csv","Repository File","No","No","No","No","No","No","No Indicator","No Automated Indicator","No","","Pending Manual Reviewer","","No Automated Indicator",""
"PRIV-0064","1.0.0","2026-08-01","03-cross-border-tax/Questions_for_Tax_Professional.md","Repository File","No","No","No","No","No","No","No Indicator","No Automated Indicator","No","","Pending Manual Reviewer","","No Automated Indicator",""
"PRIV-0065","1.0.0","2026-08-01","03-cross-border-tax/Tax_Document_Inventory.csv","Repository File","No","No","No","No","No","No","No Indicator","No Automated Indicator","No","","Pending Manual Reviewer","","No Automated Indicator",""
"PRIV-0066","1.0.0","2026-08-01","03-cross-border-tax/Tax_Filing_Obligation_and_Deadline_Register.csv","Repository File","No","No","No","No","No","No","No Indicator","No Automated Indicator","No","","Pending Manual Reviewer","","No Automated Indicator",""
"PRIV-0067","1.0.0","2026-08-01","03-cross-border-tax/Tax_Income_Reconciliation_Register.csv","Repository File","No","No","No","No","No","No","No Indicator","No Automated Indicator","No","","Pending Manual Reviewer","","No Automated Indicator",""
"PRIV-0068","1.0.0","2026-08-01","03-cross-border-tax/Tax_Payment_and_Refund_Reconciliation_Register.csv","Repository File","No","No","No","No","No","No","No Indicator","No Automated Indicator","No","","Pending Manual Reviewer","","No Automated Indicator",""
"PRIV-0069","1.0.0","2026-08-01","03-cross-border-tax/Tax_Return_Line_to_Evidence_Mapping.csv","Repository File","No","No","No","No","No","No","No Indicator","No Automated Indicator","No","","Pending Manual Reviewer","","No Automated Indicator",""
"PRIV-0070","1.0.0","2026-08-01","04-research-notes/01_Personal_Investment_Policy_Statement.md","Repository File","No","No","No","No","No","No","No Indicator","No Automated Indicator","No","","Pending Manual Reviewer","","No Automated Indicator",""
"PRIV-0071","1.0.0","2026-08-01","04-research-notes/02_Research_Sources_and_Decision_Logs.md","Repository File","No","No","No","No","No","No","No Indicator","No Automated Indicator","No","","Pending Manual Reviewer","","No Automated Indicator",""
"PRIV-0072","1.0.0","2026-08-01","04-research-notes/03_Portfolio_Monitoring_and_Annual_Review.md","Repository File","No","No","No","No","No","No","No Indicator","No Automated Indicator","No","","Pending Manual Reviewer","","No Automated Indicator",""
"PRIV-0073","1.0.0","2026-08-01","04-research-notes/04_Paper_Portfolio_and_30_Day_Learning_Plan.md","Repository File","No","No","No","No","No","No","No Indicator","No Automated Indicator","No","","Pending Manual Reviewer","","No Automated Indicator",""
"PRIV-0074","1.0.0","2026-08-01","04-research-notes/05_Small_Real_Money_Pilot_and_Trade_Controls.md","Repository File","No","No","No","No","No","No","No Indicator","No Automated Indicator","No","","Pending Manual Reviewer","","No Automated Indicator",""
"PRIV-0075","1.0.0","2026-08-01","04-research-notes/06_Learning_Completion_Dashboard.md","Repository File","No","No","No","No","No","No","No Indicator","No Automated Indicator","No","","Pending Manual Reviewer","","No Automated Indicator",""
"PRIV-0076","1.0.0","2026-08-01","04-research-notes/07_Professional_Consultation_Preparation.md","Repository File","No","No","No","No","No","No","No Indicator","No Automated Indicator","No","","Pending Manual Reviewer","","No Automated Indicator",""
"PRIV-0077","1.0.0","2026-08-01","04-research-notes/08_Personal_Balance_Sheet_and_Investable_Capital.md","Repository File","No","No","No","No","No","No","No Indicator","No Automated Indicator","No","","Pending Manual Reviewer","","No Automated Indicator",""
"PRIV-0078","1.0.0","2026-08-01","04-research-notes/09_Behavioral_Finance_and_Decision_Discipline.md","Repository File","No","No","No","No","No","No","No Indicator","No Automated Indicator","No","","Pending Manual Reviewer","","No Automated Indicator",""
"PRIV-0079","1.0.0","2026-08-01","04-research-notes/10_Liquidity_Emergency_Reserves_and_Cash_Management.md","Repository File","No","No","No","No","No","No","No Indicator","No Automated Indicator","No","","Pending Manual Reviewer","","No Automated Indicator",""
"PRIV-0080","1.0.0","2026-08-01","04-research-notes/11_Debt_Management_and_Responsible_Leverage.md","Repository File","No","No","No","No","No","No","No Indicator","No Automated Indicator","No","","Pending Manual Reviewer","","No Automated Indicator",""
"PRIV-0081","1.0.0","2026-08-01","04-research-notes/12_Investment_Execution_Settlement_and_Reconciliation.md","Repository File","No","No","No","No","No","No","No Indicator","No Automated Indicator","No","","Pending Manual Reviewer","","No Automated Indicator",""
"PRIV-0082","1.0.0","2026-08-01","04-research-notes/13_Investment_Governance_Policy_Exceptions_and_Control_Testing.md","Repository File","No","No","No","No","No","No","No Indicator","No Automated Indicator","No","","Pending Manual Reviewer","","No Automated Indicator",""
"PRIV-0083","1.0.0","2026-08-01","04-research-notes/14_Financial_Goals_and_Capital_Allocation_Roadmap.md","Repository File","No","No","No","No","No","No","No Indicator","No Automated Indicator","No","","Pending Manual Reviewer","","No Automated Indicator",""
"PRIV-0084","1.0.0","2026-08-01","04-research-notes/15_Account_Consolidation_and_Financial_Simplification.md","Repository File","No","No","No","No","No","No","No Indicator","No Automated Indicator","No","","Pending Manual Reviewer","","No Automated Indicator",""
"PRIV-0085","1.0.0","2026-08-01","04-research-notes/16_Repository_Quality_Assurance_and_Publication_Readiness.md","Repository File","No","No","No","No","No","No","No Indicator","No Automated Indicator","No","","Pending Manual Reviewer","","No Automated Indicator",""
"PRIV-0086","1.0.0","2026-08-01","04-research-notes/17_Continuous_Quality_Checks_and_Release_Packaging.md","Repository File","No","No","No","No","No","No","No Indicator","No Automated Indicator","No","","Pending Manual Reviewer","","No Automated Indicator",""
"PRIV-0087","1.0.0","2026-08-01","04-research-notes/18_Financial_Glossary_and_Terminology_Governance.md","Repository File","No","No","No","No","No","No","No Indicator","No Automated Indicator","No","","Pending Manual Reviewer","","No Automated Indicator",""
"PRIV-0088","1.0.0","2026-08-01","04-research-notes/19_Source_Verification_Citation_Governance_and_Evidence_Provenance.md","Repository File","No","No","No","No","No","No","No Indicator","No Automated Indicator","No","","Pending Manual Reviewer","","No Automated Indicator",""
"PRIV-0089","1.0.0","2026-08-01","04-research-notes/20_Financial_Decision_Journaling_and_Outcome_Review.md","Repository File","No","No","No","No","No","No","No Indicator","No Automated Indicator","No","","Pending Manual Reviewer","","No Automated Indicator",""
"PRIV-0090","1.0.0","2026-08-01","04-research-notes/21_Household_Financial_Operating_System_and_Monthly_Close.md","Repository File","No","No","No","No","No","No","No Indicator","No Automated Indicator","No","","Pending Manual Reviewer","","No Automated Indicator",""
"PRIV-0091","1.0.0","2026-08-01","04-research-notes/22_Household_Financial_Continuity_and_Emergency_Handoff.md","Repository File","No","No","No","No","No","No","No Indicator","No Automated Indicator","No","","Pending Manual Reviewer","","No Automated Indicator",""
"PRIV-0092","1.0.0","2026-08-01","04-research-notes/23_ETF_Data_Quality_Portfolio_Analytics_and_Automated_Monitoring_Controls.md","Repository File","No","No","No","No","No","No","No Indicator","No Automated Indicator","No","","Pending Manual Reviewer","","No Automated Indicator",""
"PRIV-0093","1.0.0","2026-08-01","04-research-notes/24_Capstone_Investment_Plan_Integrated_Case_Study_and_Competency_Assessment.md","Repository File","No","No","No","No","No","No","No Indicator","No Automated Indicator","No","","Pending Manual Reviewer","","No Automated Indicator",""
"PRIV-0094","1.0.0","2026-08-01","04-research-notes/Account_Consolidation_Candidate_Register.csv","Repository File","No","No","No","No","No","No","No Indicator","No Automated Indicator","No","","Pending Manual Reviewer","","No Automated Indicator",""
"PRIV-0095","1.0.0","2026-08-01","04-research-notes/Account_Transfer_and_Consolidation_Register.csv","Repository File","No","No","No","No","No","No","No Indicator","No Automated Indicator","No","","Pending Manual Reviewer","","No Automated Indicator",""
"PRIV-0096","1.0.0","2026-08-01","04-research-notes/Annual_Investment_Governance_Summary.csv","Repository File","No","No","No","No","No","No","No Indicator","No Automated Indicator","No","","Pending Manual Reviewer","","No Automated Indicator",""
"PRIV-0097","1.0.0","2026-08-01","04-research-notes/Behavioral_Decision_Scorecard.csv","Repository File","No","No","No","No","No","No","No Indicator","No Automated Indicator","No","","Pending Manual Reviewer","","No Automated Indicator",""
"PRIV-0098","1.0.0","2026-08-01","04-research-notes/Brokerage_Account_Reconciliation.csv","Repository File","No","No","No","No","No","No","No Indicator","No Automated Indicator","No","","Pending Manual Reviewer","","No Automated Indicator",""
"PRIV-0099","1.0.0","2026-08-01","04-research-notes/Calculation_Provenance_Register.csv","Repository File","No","No","No","No","No","No","No Indicator","No Automated Indicator","No","","Pending Manual Reviewer","","No Automated Indicator",""
"PRIV-0100","1.0.0","2026-08-01","04-research-notes/Capital_Allocation_Roadmap.csv","Repository File","No","No","No","No","No","No","No Indicator","No Automated Indicator","No","","Pending Manual Reviewer","","No Automated Indicator",""
"PRIV-0101","1.0.0","2026-08-01","04-research-notes/Capstone_Assumption_and_Sensitivity_Register.csv","Repository File","No","No","No","No","No","No","No Indicator","No Automated Indicator","No","","Pending Manual Reviewer","","No Automated Indicator",""
"PRIV-0102","1.0.0","2026-08-01","04-research-notes/Capstone_Competency_Assessment_Register.csv","Repository File","No","No","No","No","No","No","No Indicator","No Automated Indicator","No","","Pending Manual Reviewer","","No Automated Indicator",""
"PRIV-0103","1.0.0","2026-08-01","04-research-notes/Capstone_Evidence_and_Source_Register.csv","Repository File","No","No","No","No","No","No","No Indicator","No Automated Indicator","No","","Pending Manual Reviewer","","No Automated Indicator",""
"PRIV-0104","1.0.0","2026-08-01","04-research-notes/Capstone_Final_Recommendation_Register.csv","Repository File","No","No","No","No","No","No","No Indicator","No Automated Indicator","No","","Pending Manual Reviewer","","No Automated Indicator",""
"PRIV-0105","1.0.0","2026-08-01","04-research-notes/Capstone_Financial_Goal_and_Priority_Register.csv","Repository File","No","No","No","No","No","No","No Indicator","No Automated Indicator","No","","Pending Manual Reviewer","","No Automated Indicator",""
"PRIV-0106","1.0.0","2026-08-01","04-research-notes/Capstone_Investable_Capital_Calculation_Register.csv","Repository File","No","No","No","No","No","No","No Indicator","No Automated Indicator","No","","Pending Manual Reviewer","","No Automated Indicator",""
"PRIV-0107","1.0.0","2026-08-01","04-research-notes/Capstone_Investment_Candidate_Register.csv","Repository File","No","No","No","No","No","No","No Indicator","No Automated Indicator","No","","Pending Manual Reviewer","","No Automated Indicator",""
"PRIV-0108","1.0.0","2026-08-01","04-research-notes/Capstone_Project_Status_Register.csv","Repository File","No","No","No","No","No","No","No Indicator","No Automated Indicator","No","","Pending Manual Reviewer","","No Automated Indicator",""
"PRIV-0109","1.0.0","2026-08-01","04-research-notes/Capstone_Proposed_Portfolio_Allocation_Register.csv","Repository File","No","No","No","No","No","No","No Indicator","No Automated Indicator","No","","Pending Manual Reviewer","","No Automated Indicator",""
"PRIV-0110","1.0.0","2026-08-01","04-research-notes/Capstone_Stress_Test_and_Scenario_Register.csv","Repository File","No","No","No","No","No","No","No Indicator","No Automated Indicator","No","","Pending Manual Reviewer","","No Automated Indicator",""
"PRIV-0111","1.0.0","2026-08-01","04-research-notes/Cash_and_Liquidity_Inventory.csv","Repository File","No","No","No","No","No","No","No Indicator","No Automated Indicator","No","","Pending Manual Reviewer","","No Automated Indicator",""
"PRIV-0112","1.0.0","2026-08-01","04-research-notes/Claim_to_Source_Mapping_Register.csv","Repository File","No","No","No","No","No","No","No Indicator","No Automated Indicator","No","","Pending Manual Reviewer","","No Automated Indicator",""
"PRIV-0113","1.0.0","2026-08-01","04-research-notes/Conflicting_Evidence_Register.csv","Repository File","No","No","No","No","No","No","No Indicator","No Automated Indicator","No","","Pending Manual Reviewer","","No Automated Indicator",""
"PRIV-0114","1.0.0","2026-08-01","04-research-notes/Debt_Inventory_and_Payoff_Register.csv","Repository File","No","No","No","No","No","No","No Indicator","No Automated Indicator","No","","Pending Manual Reviewer","","No Automated Indicator",""
"PRIV-0115","1.0.0","2026-08-01","04-research-notes/Debt_Payoff_Strategy_Comparison.csv","Repository File","No","No","No","No","No","No","No Indicator","No Automated Indicator","No","","Pending Manual Reviewer","","No Automated Indicator",""
"PRIV-0116","1.0.0","2026-08-01","04-research-notes/Debt_Refinancing_Analysis.csv","Repository File","No","No","No","No","No","No","No Indicator","No Automated Indicator","No","","Pending Manual Reviewer","","No Automated Indicator",""
"PRIV-0117","1.0.0","2026-08-01","04-research-notes/Debt_Stress_Test.csv","Repository File","No","No","No","No","No","No","No Indicator","No Automated Indicator","No","","Pending Manual Reviewer","","No Automated Indicator",""
"PRIV-0118","1.0.0","2026-08-01","04-research-notes/Duplicate_Investment_and_Account_Overlap_Register.csv","Repository File","No","No","No","No","No","No","No Indicator","No Automated Indicator","No","","Pending Manual Reviewer","","No Automated Indicator",""
"PRIV-0119","1.0.0","2026-08-01","04-research-notes/Emergency_Financial_Action_Log.csv","Repository File","No","No","No","No","No","No","No Indicator","No Automated Indicator","No","","Pending Manual Reviewer","","No Automated Indicator",""
"PRIV-0120","1.0.0","2026-08-01","04-research-notes/Essential_Financial_Obligation_Register.csv","Repository File","No","No","No","No","No","No","No Indicator","No Automated Indicator","No","","Pending Manual Reviewer","","No Automated Indicator",""
"PRIV-0121","1.0.0","2026-08-01","04-research-notes/Essential_Income_Continuity_Register.csv","Repository File","No","No","No","No","No","No","No Indicator","No Automated Indicator","No","","Pending Manual Reviewer","","No Automated Indicator",""
"PRIV-0122","1.0.0","2026-08-01","04-research-notes/ETF_and_Portfolio_Data_Dictionary.csv","Repository File","No","No","No","No","No","No","No Indicator","No Automated Indicator","No","","Pending Manual Reviewer","","No Automated Indicator",""
"PRIV-0123","1.0.0","2026-08-01","04-research-notes/ETF_Security_Master_Register.csv","Repository File","No","No","No","No","No","No","No Indicator","No Automated Indicator","No","","Pending Manual Reviewer","","No Automated Indicator",""
"PRIV-0124","1.0.0","2026-08-01","04-research-notes/Evidence_Register.csv","Repository File","No","No","No","No","No","No","No Indicator","No Automated Indicator","No","","Pending Manual Reviewer","","No Automated Indicator",""
"PRIV-0125","1.0.0","2026-08-01","04-research-notes/Financial_Account_Closure_Register.csv","Repository File","No","No","No","No","No","No","No Indicator","No Automated Indicator","No","","Pending Manual Reviewer","","No Automated Indicator",""
"PRIV-0126","1.0.0","2026-08-01","04-research-notes/Financial_Account_Inventory.csv","Repository File","No","No","No","No","No","No","No Indicator","No Automated Indicator","No","","Pending Manual Reviewer","","No Automated Indicator",""
"PRIV-0127","1.0.0","2026-08-01","04-research-notes/Financial_Continuity_Activation_Register.csv","Repository File","No","No","No","No","No","No","No Indicator","No Automated Indicator","No","","Pending Manual Reviewer","","No Automated Indicator",""
"PRIV-0128","1.0.0","2026-08-01","04-research-notes/Financial_Continuity_Document_Inventory.csv","Repository File","No","No","No","No","No","No","No Indicator","No Automated Indicator","No","","Pending Manual Reviewer","","No Automated Indicator",""
"PRIV-0129","1.0.0","2026-08-01","04-research-notes/Financial_Continuity_Test_Register.csv","Repository File","No","No","No","No","No","No","No Indicator","No Automated Indicator","No","","Pending Manual Reviewer","","No Automated Indicator",""
"PRIV-0130","1.0.0","2026-08-01","04-research-notes/Financial_Data_Source_and_Provenance_Register.csv","Repository File","No","No","No","No","No","No","No Indicator","No Automated Indicator","No","","Pending Manual Reviewer","","No Automated Indicator",""
"PRIV-0131","1.0.0","2026-08-01","04-research-notes/Financial_Decision_Assumption_Register.csv","Repository File","No","No","No","No","No","No","No Indicator","No Automated Indicator","No","","Pending Manual Reviewer","","No Automated Indicator",""
"PRIV-0132","1.0.0","2026-08-01","04-research-notes/Financial_Decision_Execution_Deviation_Register.csv","Repository File","No","No","No","No","No","No","No Indicator","No Automated Indicator","No","","Pending Manual Reviewer","","No Automated Indicator",""
"PRIV-0133","1.0.0","2026-08-01","04-research-notes/Financial_Decision_Journal.csv","Repository File","No","No","No","No","No","No","No Indicator","No Automated Indicator","No","","Pending Manual Reviewer","","No Automated Indicator",""
"PRIV-0134","1.0.0","2026-08-01","04-research-notes/Financial_Decision_Outcome_Review_Register.csv","Repository File","No","No","No","No","No","No","No Indicator","No Automated Indicator","No","","Pending Manual Reviewer","","No Automated Indicator",""
"PRIV-0135","1.0.0","2026-08-01","04-research-notes/Financial_Decision_Pre_Mortem_Register.csv","Repository File","No","No","No","No","No","No","No Indicator","No Automated Indicator","No","","Pending Manual Reviewer","","No Automated Indicator",""
"PRIV-0136","1.0.0","2026-08-01","04-research-notes/Financial_Forecast_and_Calibration_Register.csv","Repository File","No","No","No","No","No","No","No Indicator","No Automated Indicator","No","","Pending Manual Reviewer","","No Automated Indicator",""
"PRIV-0137","1.0.0","2026-08-01","04-research-notes/Financial_Goal_Conflict_Register.csv","Repository File","No","No","No","No","No","No","No Indicator","No Automated Indicator","No","","Pending Manual Reviewer","","No Automated Indicator",""
"PRIV-0138","1.0.0","2026-08-01","04-research-notes/Financial_Goal_Register.csv","Repository File","No","No","No","No","No","No","No Indicator","No Automated Indicator","No","","Pending Manual Reviewer","","No Automated Indicator",""
"PRIV-0139","1.0.0","2026-08-01","04-research-notes/Financial_Goal_Scenario_Analysis.csv","Repository File","No","No","No","No","No","No","No Indicator","No Automated Indicator","No","","Pending Manual Reviewer","","No Automated Indicator",""
"PRIV-0140","1.0.0","2026-08-01","04-research-notes/Financial_Responsibility_and_Calendar_Register.csv","Repository File","No","No","No","No","No","No","No Indicator","No Automated Indicator","No","","Pending Manual Reviewer","","No Automated Indicator",""
"PRIV-0141","1.0.0","2026-08-01","04-research-notes/Goal_Funding_Allocation_Register.csv","Repository File","No","No","No","No","No","No","No Indicator","No Automated Indicator","No","","Pending Manual Reviewer","","No Automated Indicator",""
"PRIV-0142","1.0.0","2026-08-01","04-research-notes/Household_Financial_Continuity_Plan_Register.csv","Repository File","No","No","No","No","No","No","No Indicator","No Automated Indicator","No","","Pending Manual Reviewer","","No Automated Indicator",""
"PRIV-0143","1.0.0","2026-08-01","04-research-notes/Household_Financial_Issue_Register.csv","Repository File","No","No","No","No","No","No","No Indicator","No Automated Indicator","No","","Pending Manual Reviewer","","No Automated Indicator",""
"PRIV-0144","1.0.0","2026-08-01","04-research-notes/Investment_Control_Inventory.csv","Repository File","No","No","No","No","No","No","No Indicator","No Automated Indicator","No","","Pending Manual Reviewer","","No Automated Indicator",""
"PRIV-0145","1.0.0","2026-08-01","04-research-notes/Investment_Control_Test_Register.csv","Repository File","No","No","No","No","No","No","No Indicator","No Automated Indicator","No","","Pending Manual Reviewer","","No Automated Indicator",""
"PRIV-0146","1.0.0","2026-08-01","04-research-notes/Investment_Cost_Basis_and_Tax_Lot_Register.csv","Repository File","No","No","No","No","No","No","No Indicator","No Automated Indicator","No","","Pending Manual Reviewer","","No Automated Indicator",""
"PRIV-0147","1.0.0","2026-08-01","04-research-notes/Investment_Decision_Journal.csv","Repository File","No","No","No","No","No","No","No Indicator","No Automated Indicator","No","","Pending Manual Reviewer","","No Automated Indicator",""
"PRIV-0148","1.0.0","2026-08-01","04-research-notes/Investment_Governance_Issue_Register.csv","Repository File","No","No","No","No","No","No","No Indicator","No Automated Indicator","No","","Pending Manual Reviewer","","No Automated Indicator",""
"PRIV-0149","1.0.0","2026-08-01","04-research-notes/Investment_Mistake_and_Lessons_Register.csv","Repository File","No","No","No","No","No","No","No Indicator","No Automated Indicator","No","","Pending Manual Reviewer","","No Automated Indicator",""
"PRIV-0150","1.0.0","2026-08-01","04-research-notes/Investment_Policy_Exception_Register.csv","Repository File","No","No","No","No","No","No","No Indicator","No Automated Indicator","No","","Pending Manual Reviewer","","No Automated Indicator",""
"PRIV-0151","1.0.0","2026-08-01","04-research-notes/Investment_Settlement_Tracker.csv","Repository File","No","No","No","No","No","No","No Indicator","No Automated Indicator","No","","Pending Manual Reviewer","","No Automated Indicator",""
"PRIV-0152","1.0.0","2026-08-01","04-research-notes/Investment_Trade_and_Order_Register.csv","Repository File","No","No","No","No","No","No","No Indicator","No Automated Indicator","No","","Pending Manual Reviewer","","No Automated Indicator",""
"PRIV-0153","1.0.0","2026-08-01","04-research-notes/Investment_Transaction_Exception_Register.csv","Repository File","No","No","No","No","No","No","No Indicator","No Automated Indicator","No","","Pending Manual Reviewer","","No Automated Indicator",""
"PRIV-0154","1.0.0","2026-08-01","04-research-notes/Liquidity_Stress_Test.csv","Repository File","No","No","No","No","No","No","No Indicator","No Automated Indicator","No","","Pending Manual Reviewer","","No Automated Indicator",""
"PRIV-0155","1.0.0","2026-08-01","04-research-notes/Master_Decision_Log.csv","Repository File","No","No","No","No","No","No","No Indicator","No Automated Indicator","No","","Pending Manual Reviewer","","No Automated Indicator",""
"PRIV-0156","1.0.0","2026-08-01","04-research-notes/Master_Learning_Progress_Tracker.csv","Repository File","No","No","No","No","No","No","No Indicator","No Automated Indicator","No","","Pending Manual Reviewer","","No Automated Indicator",""
"PRIV-0157","1.0.0","2026-08-01","04-research-notes/Monthly_Account_Reconciliation_Register.csv","Repository File","No","No","No","No","No","No","No Indicator","No Automated Indicator","No","","Pending Manual Reviewer","","No Automated Indicator",""
"PRIV-0158","1.0.0","2026-08-01","04-research-notes/Monthly_Budget_and_Expense_Variance_Register.csv","Repository File","No","No","No","No","No","No","No Indicator","No Automated Indicator","No","","Pending Manual Reviewer","","No Automated Indicator",""
"PRIV-0159","1.0.0","2026-08-01","04-research-notes/Monthly_Financial_Close_Register.csv","Repository File","No","No","No","No","No","No","No Indicator","No Automated Indicator","No","","Pending Manual Reviewer","","No Automated Indicator",""
"PRIV-0160","1.0.0","2026-08-01","04-research-notes/Monthly_Financial_Dashboard_Register.csv","Repository File","No","No","No","No","No","No","No Indicator","No Automated Indicator","No","","Pending Manual Reviewer","","No Automated Indicator",""
"PRIV-0161","1.0.0","2026-08-01","04-research-notes/Near_Term_Obligations_Register.csv","Repository File","No","No","No","No","No","No","No Indicator","No Automated Indicator","No","","Pending Manual Reviewer","","No Automated Indicator",""
"PRIV-0162","1.0.0","2026-08-01","04-research-notes/Paper_Portfolio_Transactions.csv","Repository File","No","No","No","No","No","No","No Indicator","No Automated Indicator","No","","Pending Manual Reviewer","","No Automated Indicator",""
"PRIV-0163","1.0.0","2026-08-01","04-research-notes/Paper_Portfolio_Valuations.csv","Repository File","No","No","No","No","No","No","No Indicator","No Automated Indicator","No","","Pending Manual Reviewer","","No Automated Indicator",""
"PRIV-0164","1.0.0","2026-08-01","04-research-notes/Portfolio_Monitoring_Dashboard.csv","Repository File","No","No","No","No","No","No","No Indicator","No Automated Indicator","No","","Pending Manual Reviewer","","No Automated Indicator",""
"PRIV-0165","1.0.0","2026-08-01","04-research-notes/Professional_Advice_Register.csv","Repository File","No","No","No","No","No","No","No Indicator","No Automated Indicator","No","","Pending Manual Reviewer","","No Automated Indicator",""
"PRIV-0166","1.0.0","2026-08-01","04-research-notes/Professional_Document_Index.csv","Repository File","No","No","No","No","No","No","No Indicator","No Automated Indicator","No","","Pending Manual Reviewer","","No Automated Indicator",""
"PRIV-0167","1.0.0","2026-08-01","04-research-notes/Professional_Questions_and_Answers_Register.csv","Repository File","No","No","No","No","No","No","No Indicator","No Automated Indicator","No","","Pending Manual Reviewer","","No Automated Indicator",""
"PRIV-0168","1.0.0","2026-08-01","04-research-notes/Real_Money_Pilot_Register.csv","Repository File","No","No","No","No","No","No","No Indicator","No Automated Indicator","No","","Pending Manual Reviewer","","No Automated Indicator",""
"PRIV-0169","1.0.0","2026-08-01","04-research-notes/Source_and_Evidence_Register.csv","Repository File","No","No","No","No","No","No","No Indicator","No Automated Indicator","No","","Pending Manual Reviewer","","No Automated Indicator",""
"PRIV-0170","1.0.0","2026-08-01","04-research-notes/Source_Review_and_Staleness_Register.csv","Repository File","No","No","No","No","No","No","No Indicator","No Automated Indicator","No","","Pending Manual Reviewer","","No Automated Indicator",""
"PRIV-0171","1.0.0","2026-08-01","04-research-notes/Thirty_Day_Learning_Tracker.csv","Repository File","No","No","No","No","No","No","No Indicator","No Automated Indicator","No","","Pending Manual Reviewer","","No Automated Indicator",""
"PRIV-0172","1.0.0","2026-08-01","05-comparisons/01_How_to_Screen_and_Compare_ETFs.md","Repository File","No","No","No","No","No","No","No Indicator","No Automated Indicator","No","","Pending Manual Reviewer","","No Automated Indicator",""
"PRIV-0173","1.0.0","2026-08-01","05-comparisons/02_Building_a_Simple_Multi_Asset_Portfolio.md","Repository File","No","No","No","No","No","No","No Indicator","No Automated Indicator","No","","Pending Manual Reviewer","","No Automated Indicator",""
"PRIV-0174","1.0.0","2026-08-01","05-comparisons/03_Retirement_Cash_Flow_and_Withdrawal_Sequencing.md","Repository File","No","No","No","No","No","No","No Indicator","No Automated Indicator","No","","Pending Manual Reviewer","","No Automated Indicator",""
"PRIV-0175","1.0.0","2026-08-01","05-comparisons/04_Investment_Mathematics_and_Return_Calculations.md","Repository File","No","No","No","No","No","No","No Indicator","No Automated Indicator","No","","Pending Manual Reviewer","","No Automated Indicator",""
"PRIV-0176","1.0.0","2026-08-01","05-comparisons/05_Portfolio_Rebalancing_and_Allocation_Drift.md","Repository File","No","No","No","No","No","No","No Indicator","No Automated Indicator","No","","Pending Manual Reviewer","","No Automated Indicator",""
"PRIV-0177","1.0.0","2026-08-01","05-comparisons/06_Portfolio_Performance_Reporting_and_Attribution.md","Repository File","No","No","No","No","No","No","No Indicator","No Automated Indicator","No","","Pending Manual Reviewer","","No Automated Indicator",""
"PRIV-0178","1.0.0","2026-08-01","05-comparisons/07_Inflation_Purchasing_Power_and_Real_Return_Planning.md","Repository File","No","No","No","No","No","No","No Indicator","No Automated Indicator","No","","Pending Manual Reviewer","","No Automated Indicator",""
"PRIV-0179","1.0.0","2026-08-01","05-comparisons/08_ETF_Risk_Metrics_Volatility_Correlation_and_Drawdown_Analysis.md","Repository File","No","No","No","No","No","No","No Indicator","No Automated Indicator","No","","Pending Manual Reviewer","","No Automated Indicator",""
"PRIV-0180","1.0.0","2026-08-01","05-comparisons/09_ETF_Portfolio_Construction_Core_Satellite_and_Overlap_Controls.md","Repository File","No","No","No","No","No","No","No Indicator","No Automated Indicator","No","","Pending Manual Reviewer","","No Automated Indicator",""
"PRIV-0181","1.0.0","2026-08-01","05-comparisons/10_ETF_Distribution_Planning_Total_Return_Withdrawals_and_Retirement_Income_Controls.md","Repository File","No","No","No","No","No","No","No Indicator","No Automated Indicator","No","","Pending Manual Reviewer","","No Automated Indicator",""
"PRIV-0182","1.0.0","2026-08-01","05-comparisons/Annual_Retirement_Cash_Flow.csv","Repository File","No","No","No","No","No","No","No Indicator","No Automated Indicator","No","","Pending Manual Reviewer","","No Automated Indicator",""
"PRIV-0183","1.0.0","2026-08-01","05-comparisons/Detailed_ETF_Screening.csv","Repository File","No","No","No","No","No","No","No Indicator","No Automated Indicator","No","","Pending Manual Reviewer","","No Automated Indicator",""
"PRIV-0184","1.0.0","2026-08-01","05-comparisons/ETF_and_Portfolio_Overlap_Register.csv","Repository File","No","No","No","No","No","No","No Indicator","No Automated Indicator","No","","Pending Manual Reviewer","","No Automated Indicator",""
"PRIV-0185","1.0.0","2026-08-01","05-comparisons/ETF_and_Portfolio_Stress_Scenario_Register.csv","Repository File","No","No","No","No","No","No","No Indicator","No Automated Indicator","No","","Pending Manual Reviewer","","No Automated Indicator",""
"PRIV-0186","1.0.0","2026-08-01","05-comparisons/ETF_Closure_Replacement_Candidate_Register.csv","Repository File","No","No","No","No","No","No","No Indicator","No Automated Indicator","No","","Pending Manual Reviewer","","No Automated Indicator",""
"PRIV-0187","1.0.0","2026-08-01","05-comparisons/ETF_Comparison.csv","Repository File","No","No","No","No","No","No","No Indicator","No Automated Indicator","No","","Pending Manual Reviewer","","No Automated Indicator",""
"PRIV-0188","1.0.0","2026-08-01","05-comparisons/ETF_Concentration_and_Effective_Holdings_Register.csv","Repository File","No","No","No","No","No","No","No Indicator","No Automated Indicator","No","","Pending Manual Reviewer","","No Automated Indicator",""
"PRIV-0189","1.0.0","2026-08-01","05-comparisons/ETF_Correlation_and_Diversification_Register.csv","Repository File","No","No","No","No","No","No","No Indicator","No Automated Indicator","No","","Pending Manual Reviewer","","No Automated Indicator",""
"PRIV-0190","1.0.0","2026-08-01","05-comparisons/ETF_Domicile_and_After_Tax_Cost_Comparison.csv","Repository File","No","No","No","No","No","No","No Indicator","No Automated Indicator","No","","Pending Manual Reviewer","","No Automated Indicator",""
"PRIV-0191","1.0.0","2026-08-01","05-comparisons/ETF_Drawdown_and_Recovery_Register.csv","Repository File","No","No","No","No","No","No","No Indicator","No Automated Indicator","No","","Pending Manual Reviewer","","No Automated Indicator",""
"PRIV-0192","1.0.0","2026-08-01","05-comparisons/ETF_Portfolio_Complexity_and_Simplification_Register.csv","Repository File","No","No","No","No","No","No","No Indicator","No Automated Indicator","No","","Pending Manual Reviewer","","No Automated Indicator",""
"PRIV-0193","1.0.0","2026-08-01","05-comparisons/ETF_Portfolio_Construction_Register.csv","Repository File","No","No","No","No","No","No","No Indicator","No Automated Indicator","No","","Pending Manual Reviewer","","No Automated Indicator",""
"PRIV-0194","1.0.0","2026-08-01","05-comparisons/ETF_Portfolio_Currency_Exposure_Register.csv","Repository File","No","No","No","No","No","No","No Indicator","No Automated Indicator","No","","Pending Manual Reviewer","","No Automated Indicator",""
"PRIV-0195","1.0.0","2026-08-01","05-comparisons/ETF_Portfolio_Factor_Tilt_Register.csv","Repository File","No","No","No","No","No","No","No Indicator","No Automated Indicator","No","","Pending Manual Reviewer","","No Automated Indicator",""
"PRIV-0196","1.0.0","2026-08-01","05-comparisons/ETF_Portfolio_Holding_Role_and_Allocation_Register.csv","Repository File","No","No","No","No","No","No","No Indicator","No Automated Indicator","No","","Pending Manual Reviewer","","No Automated Indicator",""
"PRIV-0197","1.0.0","2026-08-01","05-comparisons/ETF_Portfolio_Look_Through_Exposure_Register.csv","Repository File","No","No","No","No","No","No","No Indicator","No Automated Indicator","No","","Pending Manual Reviewer","","No Automated Indicator",""
"PRIV-0198","1.0.0","2026-08-01","05-comparisons/ETF_Portfolio_Overlap_and_Duplicate_Exposure_Register.csv","Repository File","No","No","No","No","No","No","No Indicator","No Automated Indicator","No","","Pending Manual Reviewer","","No Automated Indicator",""
"PRIV-0199","1.0.0","2026-08-01","05-comparisons/ETF_Portfolio_Overlap_Control_Register.csv","Repository File","No","No","No","No","No","No","No Indicator","No Automated Indicator","No","","Pending Manual Reviewer","","No Automated Indicator",""
"PRIV-0200","1.0.0","2026-08-01","05-comparisons/ETF_Portfolio_Rebalancing_Decision_Register.csv","Repository File","No","No","No","No","No","No","No Indicator","No Automated Indicator","No","","Pending Manual Reviewer","","No Automated Indicator",""
"PRIV-0201","1.0.0","2026-08-01","05-comparisons/ETF_Retirement_Income_and_Withdrawal_Plan_Register.csv","Repository File","No","No","No","No","No","No","No Indicator","No Automated Indicator","No","","Pending Manual Reviewer","","No Automated Indicator",""
"PRIV-0202","1.0.0","2026-08-01","05-comparisons/ETF_Risk_Metric_Analysis_Register.csv","Repository File","No","No","No","No","No","No","No Indicator","No Automated Indicator","No","","Pending Manual Reviewer","","No Automated Indicator",""
"PRIV-0203","1.0.0","2026-08-01","05-comparisons/ETF_Risk_Metric_Calculation_Provenance_Register.csv","Repository File","No","No","No","No","No","No","No Indicator","No Automated Indicator","No","","Pending Manual Reviewer","","No Automated Indicator",""
"PRIV-0204","1.0.0","2026-08-01","05-comparisons/ETF_Weighted_Scoring.csv","Repository File","No","No","No","No","No","No","No Indicator","No Automated Indicator","No","","Pending Manual Reviewer","","No Automated Indicator",""
"PRIV-0205","1.0.0","2026-08-01","05-comparisons/Goal_Funding_Inflation_Adjustment.csv","Repository File","No","No","No","No","No","No","No Indicator","No Automated Indicator","No","","Pending Manual Reviewer","","No Automated Indicator",""
"PRIV-0206","1.0.0","2026-08-01","05-comparisons/Household_Currency_Exposure_Register.csv","Repository File","No","No","No","No","No","No","No Indicator","No Automated Indicator","No","","Pending Manual Reviewer","","No Automated Indicator",""
"PRIV-0207","1.0.0","2026-08-01","05-comparisons/Household_Inflation_Stress_Test.csv","Repository File","No","No","No","No","No","No","No Indicator","No Automated Indicator","No","","Pending Manual Reviewer","","No Automated Indicator",""
"PRIV-0208","1.0.0","2026-08-01","05-comparisons/Household_Investment_Loss_Capacity_Register.csv","Repository File","No","No","No","No","No","No","No Indicator","No Automated Indicator","No","","Pending Manual Reviewer","","No Automated Indicator",""
"PRIV-0209","1.0.0","2026-08-01","05-comparisons/Inflation_and_Real_Return_Analysis.csv","Repository File","No","No","No","No","No","No","No Indicator","No Automated Indicator","No","","Pending Manual Reviewer","","No Automated Indicator",""
"PRIV-0210","1.0.0","2026-08-01","05-comparisons/Investment_Return_Calculation_Register.csv","Repository File","No","No","No","No","No","No","No Indicator","No Automated Indicator","No","","Pending Manual Reviewer","","No Automated Indicator",""
"PRIV-0211","1.0.0","2026-08-01","05-comparisons/Investment_Return_Scenario_Analysis.csv","Repository File","No","No","No","No","No","No","No Indicator","No Automated Indicator","No","","Pending Manual Reviewer","","No Automated Indicator",""
"PRIV-0212","1.0.0","2026-08-01","05-comparisons/Investment_Sensitivity_Analysis.csv","Repository File","No","No","No","No","No","No","No Indicator","No Automated Indicator","No","","Pending Manual Reviewer","","No Automated Indicator",""
"PRIV-0213","1.0.0","2026-08-01","05-comparisons/Performance_Reconciliation_Exception_Register.csv","Repository File","No","No","No","No","No","No","No Indicator","No Automated Indicator","No","","Pending Manual Reviewer","","No Automated Indicator",""
"PRIV-0214","1.0.0","2026-08-01","05-comparisons/Personal_Inflation_Basket.csv","Repository File","No","No","No","No","No","No","No Indicator","No Automated Indicator","No","","Pending Manual Reviewer","","No Automated Indicator",""
"PRIV-0215","1.0.0","2026-08-01","05-comparisons/Portfolio_Allocation_and_Drift_Register.csv","Repository File","No","No","No","No","No","No","No Indicator","No Automated Indicator","No","","Pending Manual Reviewer","","No Automated Indicator",""
"PRIV-0216","1.0.0","2026-08-01","05-comparisons/Portfolio_Allocation_Worksheet.csv","Repository File","No","No","No","No","No","No","No Indicator","No Automated Indicator","No","","Pending Manual Reviewer","","No Automated Indicator",""
"PRIV-0217","1.0.0","2026-08-01","05-comparisons/Portfolio_Benchmark_Register.csv","Repository File","No","No","No","No","No","No","No Indicator","No Automated Indicator","No","","Pending Manual Reviewer","","No Automated Indicator",""
"PRIV-0218","1.0.0","2026-08-01","05-comparisons/Portfolio_Performance_Report_Register.csv","Repository File","No","No","No","No","No","No","No Indicator","No Automated Indicator","No","","Pending Manual Reviewer","","No Automated Indicator",""
"PRIV-0219","1.0.0","2026-08-01","05-comparisons/Portfolio_Rebalancing_Action_Register.csv","Repository File","No","No","No","No","No","No","No Indicator","No Automated Indicator","No","","Pending Manual Reviewer","","No Automated Indicator",""
"PRIV-0220","1.0.0","2026-08-01","05-comparisons/Portfolio_Return_Attribution_Register.csv","Repository File","No","No","No","No","No","No","No Indicator","No Automated Indicator","No","","Pending Manual Reviewer","","No Automated Indicator",""
"PRIV-0221","1.0.0","2026-08-01","05-comparisons/Portfolio_Withdrawal_Execution_and_Reconciliation_Register.csv","Repository File","No","No","No","No","No","No","No Indicator","No Automated Indicator","No","","Pending Manual Reviewer","","No Automated Indicator",""
"PRIV-0222","1.0.0","2026-08-01","05-comparisons/Portfolio_Withdrawal_Incident_Register.csv","Repository File","No","No","No","No","No","No","No Indicator","No Automated Indicator","No","","Pending Manual Reviewer","","No Automated Indicator",""
"PRIV-0223","1.0.0","2026-08-01","05-comparisons/Portfolio_Withdrawal_Request_and_Approval_Register.csv","Repository File","No","No","No","No","No","No","No Indicator","No Automated Indicator","No","","Pending Manual Reviewer","","No Automated Indicator",""
"PRIV-0224","1.0.0","2026-08-01","05-comparisons/Portfolio_Withdrawal_Reserve_Register.csv","Repository File","No","No","No","No","No","No","No Indicator","No Automated Indicator","No","","Pending Manual Reviewer","","No Automated Indicator",""
"PRIV-0225","1.0.0","2026-08-01","05-comparisons/Purchasing_Power_Scenario_Analysis.csv","Repository File","No","No","No","No","No","No","No Indicator","No Automated Indicator","No","","Pending Manual Reviewer","","No Automated Indicator",""
"PRIV-0226","1.0.0","2026-08-01","05-comparisons/Retirement_Income_and_Withdrawal_Cash_Flow_Register.csv","Repository File","No","No","No","No","No","No","No Indicator","No Automated Indicator","No","","Pending Manual Reviewer","","No Automated Indicator",""
"PRIV-0227","1.0.0","2026-08-01","05-comparisons/Retirement_Income_Register.csv","Repository File","No","No","No","No","No","No","No Indicator","No Automated Indicator","No","","Pending Manual Reviewer","","No Automated Indicator",""
"PRIV-0228","1.0.0","2026-08-01","05-comparisons/Retirement_Withdrawal_Guardrail_Register.csv","Repository File","No","No","No","No","No","No","No Indicator","No Automated Indicator","No","","Pending Manual Reviewer","","No Automated Indicator",""
"PRIV-0229","1.0.0","2026-08-01","05-comparisons/Retirement_Withdrawal_Sequence_Risk_Scenario_Register.csv","Repository File","No","No","No","No","No","No","No Indicator","No Automated Indicator","No","","Pending Manual Reviewer","","No Automated Indicator",""
"PRIV-0230","1.0.0","2026-08-01","06-risk-and-scam-checks/01_Investment_Fraud_and_Scam_Detection.md","Repository File","No","No","No","No","No","No","No Indicator","No Automated Indicator","No","","Pending Manual Reviewer","","No Automated Indicator",""
"PRIV-0231","1.0.0","2026-08-01","06-risk-and-scam-checks/02_Data_Privacy_Backup_and_Recovery.md","Repository File","No","No","No","No","No","No","No Indicator","No Automated Indicator","No","","Pending Manual Reviewer","","No Automated Indicator",""
"PRIV-0232","1.0.0","2026-08-01","06-risk-and-scam-checks/03_Insurance_Risk_Transfer_and_Coverage_Gaps.md","Repository File","No","No","No","No","No","No","No Indicator","No Automated Indicator","No","","Pending Manual Reviewer","","No Automated Indicator",""
"PRIV-0233","1.0.0","2026-08-01","06-risk-and-scam-checks/04_Financial_Fraud_Incident_Response_and_Recovery.md","Repository File","No","No","No","No","No","No","No Indicator","No Automated Indicator","No","","Pending Manual Reviewer","","No Automated Indicator",""
"PRIV-0234","1.0.0","2026-08-01","06-risk-and-scam-checks/05_ETF_Investor_Protection_Broker_Insolvency_Custody_and_Asset_Recovery.md","Repository File","No","No","No","No","No","No","No Indicator","No Automated Indicator","No","","Pending Manual Reviewer","","No Automated Indicator",""
"PRIV-0235","1.0.0","2026-08-01","06-risk-and-scam-checks/05_Professional_and_Service_Provider_Due_Diligence.md","Repository File","No","No","No","No","No","No","No Indicator","No Automated Indicator","No","","Pending Manual Reviewer","","No Automated Indicator",""
"PRIV-0236","1.0.0","2026-08-01","06-risk-and-scam-checks/Backup_and_Recovery_Register.csv","Repository File","No","No","No","No","No","No","No Indicator","No Automated Indicator","No","","Pending Manual Reviewer","","No Automated Indicator",""
"PRIV-0237","1.0.0","2026-08-01","06-risk-and-scam-checks/Broker_Asset_Recovery_and_Transfer_Reconciliation.csv","Repository File","No","No","No","No","No","No","No Indicator","No Automated Indicator","No","","Pending Manual Reviewer","","No Automated Indicator",""
"PRIV-0238","1.0.0","2026-08-01","06-risk-and-scam-checks/Broker_Custody_and_Investor_Protection_Register.csv","Repository File","No","No","No","No","No","No","No Indicator","No Automated Indicator","No","","Pending Manual Reviewer","","No Automated Indicator",""
"PRIV-0239","1.0.0","2026-08-01","06-risk-and-scam-checks/Broker_Exit_and_Continuity_Plan_Register.csv","Repository File","No","No","No","No","No","No","No Indicator","No Automated Indicator","No","","Pending Manual Reviewer","","No Automated Indicator",""
"PRIV-0240","1.0.0","2026-08-01","06-risk-and-scam-checks/Broker_Failure_and_Asset_Recovery_Event_Register.csv","Repository File","No","No","No","No","No","No","No Indicator","No Automated Indicator","No","","Pending Manual Reviewer","","No Automated Indicator",""
"PRIV-0241","1.0.0","2026-08-01","06-risk-and-scam-checks/Broker_Failure_Evidence_and_Record_Register.csv","Repository File","No","No","No","No","No","No","No Indicator","No Automated Indicator","No","","Pending Manual Reviewer","","No Automated Indicator",""
"PRIV-0242","1.0.0","2026-08-01","06-risk-and-scam-checks/Broker_Safety_Checklist.md","Repository File","No","No","No","No","No","No","No Indicator","No Automated Indicator","No","","Pending Manual Reviewer","","No Automated Indicator",""
"PRIV-0243","1.0.0","2026-08-01","06-risk-and-scam-checks/Data_Classification_and_Storage_Register.csv","Repository File","No","No","No","No","No","No","No Indicator","No Automated Indicator","No","","Pending Manual Reviewer","","No Automated Indicator",""
"PRIV-0244","1.0.0","2026-08-01","06-risk-and-scam-checks/Data_Security_Incident_Register.csv","Repository File","No","No","No","No","No","No","No Indicator","No Automated Indicator","No","","Pending Manual Reviewer","","No Automated Indicator",""
"PRIV-0245","1.0.0","2026-08-01","06-risk-and-scam-checks/Financial_Fraud_Incident_Register.csv","Repository File","No","No","No","No","No","No","No Indicator","No Automated Indicator","No","","Pending Manual Reviewer","","No Automated Indicator",""
"PRIV-0246","1.0.0","2026-08-01","06-risk-and-scam-checks/Financial_Incident_Communication_Log.csv","Repository File","No","No","No","No","No","No","No Indicator","No Automated Indicator","No","","Pending Manual Reviewer","","No Automated Indicator",""
"PRIV-0247","1.0.0","2026-08-01","06-risk-and-scam-checks/Financial_Incident_Evidence_Log.csv","Repository File","No","No","No","No","No","No","No Indicator","No Automated Indicator","No","","Pending Manual Reviewer","","No Automated Indicator",""
"PRIV-0248","1.0.0","2026-08-01","06-risk-and-scam-checks/Financial_Institution_and_Custody_Concentration_Register.csv","Repository File","No","No","No","No","No","No","No Indicator","No Automated Indicator","No","","Pending Manual Reviewer","","No Automated Indicator",""
"PRIV-0249","1.0.0","2026-08-01","06-risk-and-scam-checks/Fraudulent_Transaction_Recovery_Register.csv","Repository File","No","No","No","No","No","No","No Indicator","No Automated Indicator","No","","Pending Manual Reviewer","","No Automated Indicator",""
"PRIV-0250","1.0.0","2026-08-01","06-risk-and-scam-checks/Independent_Broker_Position_and_Custody_Inventory.csv","Repository File","No","No","No","No","No","No","No Indicator","No Automated Indicator","No","","Pending Manual Reviewer","","No Automated Indicator",""
"PRIV-0251","1.0.0","2026-08-01","06-risk-and-scam-checks/Insurance_Claim_Register.csv","Repository File","No","No","No","No","No","No","No Indicator","No Automated Indicator","No","","Pending Manual Reviewer","","No Automated Indicator",""
"PRIV-0252","1.0.0","2026-08-01","06-risk-and-scam-checks/Insurance_Coverage_Gap_Register.csv","Repository File","No","No","No","No","No","No","No Indicator","No Automated Indicator","No","","Pending Manual Reviewer","","No Automated Indicator",""
"PRIV-0253","1.0.0","2026-08-01","06-risk-and-scam-checks/Insurance_Coverage_Inventory.csv","Repository File","No","No","No","No","No","No","No Indicator","No Automated Indicator","No","","Pending Manual Reviewer","","No Automated Indicator",""
"PRIV-0254","1.0.0","2026-08-01","06-risk-and-scam-checks/Investor_Protection_and_Asset_Recovery_Claim_Register.csv","Repository File","No","No","No","No","No","No","No Indicator","No Automated Indicator","No","","Pending Manual Reviewer","","No Automated Indicator",""
"PRIV-0255","1.0.0","2026-08-01","06-risk-and-scam-checks/Post_Incident_Corrective_Action_Register.csv","Repository File","No","No","No","No","No","No","No Indicator","No Automated Indicator","No","","Pending Manual Reviewer","","No Automated Indicator",""
"PRIV-0256","1.0.0","2026-08-01","06-risk-and-scam-checks/Professional_Advice_Register.csv","Repository File","No","No","No","No","No","No","No Indicator","No Automated Indicator","No","","Pending Manual Reviewer","","No Automated Indicator",""
"PRIV-0257","1.0.0","2026-08-01","06-risk-and-scam-checks/Professional_and_Service_Provider_Inventory.csv","Repository File","No","No","No","No","No","No","No Indicator","No Automated Indicator","No","","Pending Manual Reviewer","","No Automated Indicator",""
"PRIV-0258","1.0.0","2026-08-01","06-risk-and-scam-checks/Professional_Engagement_Register.csv","Repository File","No","No","No","No","No","No","No Indicator","No Automated Indicator","No","","Pending Manual Reviewer","","No Automated Indicator",""
"PRIV-0259","1.0.0","2026-08-01","06-risk-and-scam-checks/Scam_Risk_Scorecard.csv","Repository File","No","No","No","No","No","No","No Indicator","No Automated Indicator","No","","Pending Manual Reviewer","","No Automated Indicator",""
"PRIV-0260","1.0.0","2026-08-01","06-risk-and-scam-checks/Service_Provider_Comparison_Scorecard.csv","Repository File","No","No","No","No","No","No","No Indicator","No Automated Indicator","No","","Pending Manual Reviewer","","No Automated Indicator",""
"PRIV-0261","1.0.0","2026-08-01","06-risk-and-scam-checks/Service_Provider_Issue_Register.csv","Repository File","No","No","No","No","No","No","No Indicator","No Automated Indicator","No","","Pending Manual Reviewer","","No Automated Indicator",""
"PRIV-0262","1.0.0","2026-08-01","07-foreclosure-and-distressed-property/01_Foreclosure_and_Distressed_Property_Investing_Colombia.md","Repository File","No","No","No","No","No","No","No Indicator","No Automated Indicator","No","","Pending Manual Reviewer","","No Automated Indicator",""
"PRIV-0263","1.0.0","2026-08-01","07-foreclosure-and-distressed-property/02_Distressed_Property_Deal_Analysis.md","Repository File","No","No","No","No","No","No","No Indicator","No Automated Indicator","No","","Pending Manual Reviewer","","No Automated Indicator",""
"PRIV-0264","1.0.0","2026-08-01","07-foreclosure-and-distressed-property/03_Real_Estate_Financing_and_Affordability.md","Repository File","No","No","No","No","No","No","No Indicator","No Automated Indicator","No","","Pending Manual Reviewer","","No Automated Indicator",""
"PRIV-0265","1.0.0","2026-08-01","07-foreclosure-and-distressed-property/04_Property_Title_Contract_and_Closing_Due_Diligence.md","Repository File","No","No","No","No","No","No","No Indicator","No Automated Indicator","No","","Pending Manual Reviewer","","No Automated Indicator",""
"PRIV-0266","1.0.0","2026-08-01","07-foreclosure-and-distressed-property/05_Rental_Property_Operations_and_Tenant_Controls.md","Repository File","No","No","No","No","No","No","No Indicator","No Automated Indicator","No","","Pending Manual Reviewer","","No Automated Indicator",""
"PRIV-0267","1.0.0","2026-08-01","07-foreclosure-and-distressed-property/06_Renovation_Planning_and_Contractor_Controls.md","Repository File","No","No","No","No","No","No","No Indicator","No Automated Indicator","No","","Pending Manual Reviewer","","No Automated Indicator",""
"PRIV-0268","1.0.0","2026-08-01","07-foreclosure-and-distressed-property/07_Property_Sale_Exit_and_Profit_Reconciliation.md","Repository File","No","No","No","No","No","No","No Indicator","No Automated Indicator","No","","Pending Manual Reviewer","","No Automated Indicator",""
"PRIV-0269","1.0.0","2026-08-01","07-foreclosure-and-distressed-property/08_Finding_and_Screening_Distressed_Property_Opportunities.md","Repository File","No","No","No","No","No","No","No Indicator","No Automated Indicator","No","","Pending Manual Reviewer","","No Automated Indicator",""
"PRIV-0270","1.0.0","2026-08-01","07-foreclosure-and-distressed-property/Auction_and_Remate_Calendar.csv","Repository File","No","No","No","No","No","No","No Indicator","No Automated Indicator","No","","Pending Manual Reviewer","","No Automated Indicator",""
"PRIV-0271","1.0.0","2026-08-01","07-foreclosure-and-distressed-property/Contractor_Payment_Control_Register.csv","Repository File","No","No","No","No","No","No","No Indicator","No Automated Indicator","No","","Pending Manual Reviewer","","No Automated Indicator",""
"PRIV-0272","1.0.0","2026-08-01","07-foreclosure-and-distressed-property/Distressed_Property_Comparison.csv","Repository File","No","No","No","No","No","No","No Indicator","No Automated Indicator","No","","Pending Manual Reviewer","","No Automated Indicator",""
"PRIV-0273","1.0.0","2026-08-01","07-foreclosure-and-distressed-property/Distressed_Property_Due_Diligence_Checklist.md","Repository File","No","No","No","No","No","No","No Indicator","No Automated Indicator","No","","Pending Manual Reviewer","","No Automated Indicator",""
"PRIV-0274","1.0.0","2026-08-01","07-foreclosure-and-distressed-property/Distressed_Property_Opportunity_Pipeline.csv","Repository File","No","No","No","No","No","No","No Indicator","No Automated Indicator","No","","Pending Manual Reviewer","","No Automated Indicator",""
"PRIV-0275","1.0.0","2026-08-01","07-foreclosure-and-distressed-property/Distressed_Property_Opportunity_Scoring.csv","Repository File","No","No","No","No","No","No","No Indicator","No Automated Indicator","No","","Pending Manual Reviewer","","No Automated Indicator",""
"PRIV-0276","1.0.0","2026-08-01","07-foreclosure-and-distressed-property/Distressed_Property_Rejection_Log.csv","Repository File","No","No","No","No","No","No","No Indicator","No Automated Indicator","No","","Pending Manual Reviewer","","No Automated Indicator",""
"PRIV-0277","1.0.0","2026-08-01","07-foreclosure-and-distressed-property/Monthly_Rental_Property_Ledger.csv","Repository File","No","No","No","No","No","No","No Indicator","No Automated Indicator","No","","Pending Manual Reviewer","","No Automated Indicator",""
"PRIV-0278","1.0.0","2026-08-01","07-foreclosure-and-distressed-property/Property_Affordability_Stress_Test.csv","Repository File","No","No","No","No","No","No","No Indicator","No Automated Indicator","No","","Pending Manual Reviewer","","No Automated Indicator",""
"PRIV-0279","1.0.0","2026-08-01","07-foreclosure-and-distressed-property/Property_Buyer_and_Offer_Register.csv","Repository File","No","No","No","No","No","No","No Indicator","No Automated Indicator","No","","Pending Manual Reviewer","","No Automated Indicator",""
"PRIV-0280","1.0.0","2026-08-01","07-foreclosure-and-distressed-property/Property_Deal_Analyzer.csv","Repository File","No","No","No","No","No","No","No Indicator","No Automated Indicator","No","","Pending Manual Reviewer","","No Automated Indicator",""
"PRIV-0281","1.0.0","2026-08-01","07-foreclosure-and-distressed-property/Property_Financing_and_Affordability.csv","Repository File","No","No","No","No","No","No","No Indicator","No Automated Indicator","No","","Pending Manual Reviewer","","No Automated Indicator",""
"PRIV-0282","1.0.0","2026-08-01","07-foreclosure-and-distressed-property/Property_Payment_Control_Register.csv","Repository File","No","No","No","No","No","No","No Indicator","No Automated Indicator","No","","Pending Manual Reviewer","","No Automated Indicator",""
"PRIV-0283","1.0.0","2026-08-01","07-foreclosure-and-distressed-property/Property_Sale_and_Return_Reconciliation.csv","Repository File","No","No","No","No","No","No","No Indicator","No Automated Indicator","No","","Pending Manual Reviewer","","No Automated Indicator",""
"PRIV-0284","1.0.0","2026-08-01","07-foreclosure-and-distressed-property/Property_Title_and_Closing_Tracker.csv","Repository File","No","No","No","No","No","No","No Indicator","No Automated Indicator","No","","Pending Manual Reviewer","","No Automated Indicator",""
"PRIV-0285","1.0.0","2026-08-01","07-foreclosure-and-distressed-property/Property_vs_CDT_vs_ETF.md","Repository File","No","No","No","No","No","No","No Indicator","No Automated Indicator","No","","Pending Manual Reviewer","","No Automated Indicator",""
"PRIV-0286","1.0.0","2026-08-01","07-foreclosure-and-distressed-property/Renovation_Budget_and_Schedule_Tracker.csv","Repository File","No","No","No","No","No","No","No Indicator","No Automated Indicator","No","","Pending Manual Reviewer","","No Automated Indicator",""
"PRIV-0287","1.0.0","2026-08-01","07-foreclosure-and-distressed-property/Renovation_Change_Order_Register.csv","Repository File","No","No","No","No","No","No","No Indicator","No Automated Indicator","No","","Pending Manual Reviewer","","No Automated Indicator",""
"PRIV-0288","1.0.0","2026-08-01","07-foreclosure-and-distressed-property/Rental_Property_Stress_Test.csv","Repository File","No","No","No","No","No","No","No Indicator","No Automated Indicator","No","","Pending Manual Reviewer","","No Automated Indicator",""
"PRIV-0289","1.0.0","2026-08-01","07-foreclosure-and-distressed-property/Tenant_Screening_and_Lease_Register.csv","Repository File","No","No","No","No","No","No","No Indicator","No Automated Indicator","No","","Pending Manual Reviewer","","No Automated Indicator",""
"PRIV-0290","1.0.0","2026-08-01","ACRONYM_INDEX.csv","Repository File","No","No","No","No","No","No","No Indicator","No Automated Indicator","No","","Pending Manual Reviewer","","No Automated Indicator",""
"PRIV-0291","1.0.0","2026-08-01","BEGINNER_GLOSSARY.md","Repository File","No","No","No","No","No","No","No Indicator","No Automated Indicator","No","","Pending Manual Reviewer","","No Automated Indicator",""
"PRIV-0292","1.0.0","2026-08-01","CITATION_AND_EVIDENCE_STYLE_GUIDE.md","Repository File","No","No","No","No","No","No","No Indicator","No Automated Indicator","No","","Pending Manual Reviewer","","No Automated Indicator",""
"PRIV-0293","1.0.0","2026-08-01","CURRICULUM_COMPLETION_STATUS.md","Repository File","No","No","No","No","No","No","No Indicator","No Automated Indicator","No","","Pending Manual Reviewer","","No Automated Indicator",""
"PRIV-0294","1.0.0","2026-08-01","CURRICULUM_INDEX.md","Repository File","No","No","No","No","No","No","No Indicator","No Automated Indicator","No","","Pending Manual Reviewer","","No Automated Indicator",""
"PRIV-0295","1.0.0","2026-08-01","GLOSSARY.csv","Repository File","No","No","No","No","No","No","No Indicator","No Automated Indicator","No","","Pending Manual Reviewer","","No Automated Indicator",""
"PRIV-0296","1.0.0","2026-08-01","quality-assurance/01_Final_Curriculum_Audit_Publication_Package_and_Version_1_0_Release.md","Repository File","No","No","No","No","No","No","No Indicator","No Automated Indicator","No","","Pending Manual Reviewer","","No Automated Indicator",""
"PRIV-0297","1.0.0","2026-08-01","quality-assurance/Automated_Portfolio_Monitoring_Run_Log.csv","Repository File","No","No","No","No","No","No","No Indicator","No Automated Indicator","No","","Pending Manual Reviewer","","No Automated Indicator",""
"PRIV-0298","1.0.0","2026-08-01","quality-assurance/ETF_Data_Quality_Control_Register.csv","Repository File","No","No","No","No","No","No","No Indicator","No Automated Indicator","No","","Pending Manual Reviewer","","No Automated Indicator",""
"PRIV-0299","1.0.0","2026-08-01","quality-assurance/ETF_Portfolio_Monitoring_Alert_Register.csv","Repository File","No","No","No","No","No","No","No Indicator","No Automated Indicator","No","","Pending Manual Reviewer","","No Automated Indicator",""
"PRIV-0300","1.0.0","2026-08-01","quality-assurance/Final_Accessibility_and_Readability_Review_Register.csv","Repository File","No","No","No","No","No","No","No Indicator","No Automated Indicator","No","","Pending Manual Reviewer","","No Automated Indicator",""
"PRIV-0301","1.0.0","2026-08-01","quality-assurance/Final_Curriculum_Lesson_Inventory.csv","Repository File","No","No","No","No","No","No","No Indicator","No Automated Indicator","No","","Pending Manual Reviewer","","No Automated Indicator",""
"PRIV-0302","1.0.0","2026-08-01","quality-assurance/Final_Privacy_and_Confidentiality_Review_Register.csv","Repository File","No","No","No","No","No","No","No Indicator","No Automated Indicator","No","","Pending Manual Reviewer","","No Automated Indicator",""
"PRIV-0303","1.0.0","2026-08-01","quality-assurance/Portfolio_Analytics_Formula_and_Version_Register.csv","Repository File","No","No","No","No","No","No","No Indicator","No Automated Indicator","No","","Pending Manual Reviewer","","No Automated Indicator",""
"PRIV-0304","1.0.0","2026-08-01","quality-assurance/Portfolio_Analytics_Test_and_Validation_Register.csv","Repository File","No","No","No","No","No","No","No Indicator","No Automated Indicator","No","","Pending Manual Reviewer","","No Automated Indicator",""
"PRIV-0305","1.0.0","2026-08-01","quality-assurance/Portfolio_Data_and_Analytics_Exception_Register.csv","Repository File","No","No","No","No","No","No","No Indicator","No Automated Indicator","No","","Pending Manual Reviewer","","No Automated Indicator",""
"PRIV-0306","1.0.0","2026-08-01","quality-assurance/Portfolio_Report_Reproducibility_and_Snapshot_Register.csv","Repository File","No","No","No","No","No","No","No Indicator","No Automated Indicator","No","","Pending Manual Reviewer","","No Automated Indicator",""
"PRIV-0307","1.0.0","2026-08-01","quality-assurance/README.md","Repository File","No","No","No","No","No","No","No Indicator","No Automated Indicator","No","","Pending Manual Reviewer","","No Automated Indicator",""
"PRIV-0308","1.0.0","2026-08-01","quality-assurance/Release_Approval_and_Publication_Register.csv","Repository File","No","No","No","No","No","No","No Indicator","No Automated Indicator","No","","Pending Manual Reviewer","","No Automated Indicator",""
"PRIV-0309","1.0.0","2026-08-01","quality-assurance/Release_Defect_and_Corrective_Action_Register.csv","Repository File","No","No","No","No","No","No","No Indicator","No Automated Indicator","No","","Pending Manual Reviewer","","No Automated Indicator",""
"PRIV-0310","1.0.0","2026-08-01","quality-assurance/Release_Defect_Waiver_Register.csv","Repository File","No","No","No","No","No","No","No Indicator","No Automated Indicator","No","","Pending Manual Reviewer","","No Automated Indicator",""
"PRIV-0311","1.0.0","2026-08-01","quality-assurance/Release_Manifest_Register.csv","Repository File","No","No","No","No","No","No","No Indicator","No Automated Indicator","No","","Pending Manual Reviewer","","No Automated Indicator",""
"PRIV-0312","1.0.0","2026-08-01","quality-assurance/Repository_QA_Issue_Register.csv","Repository File","No","No","No","No","No","No","No Indicator","No Automated Indicator","No","","Pending Manual Reviewer","","No Automated Indicator",""
"PRIV-0313","1.0.0","2026-08-01","quality-assurance/Terminology_Change_and_Deprecation_Register.csv","Repository File","No","No","No","No","No","No","No Indicator","No Automated Indicator","No","","Pending Manual Reviewer","","No Automated Indicator",""
"PRIV-0314","1.0.0","2026-08-01","quality-assurance/Version_1_Final_Audit_Register.csv","Repository File","No","No","No","No","No","No","No Indicator","No Automated Indicator","No","","Pending Manual Reviewer","","No Automated Indicator",""
"PRIV-0315","1.0.0","2026-08-01","README.md","Repository File","No","No","No","No","No","No","No Indicator","No Automated Indicator","No","","Pending Manual Reviewer","","No Automated Indicator",""
"PRIV-0316","1.0.0","2026-08-01","RELEASE_NOTES_v1.0.0.md","Repository File","No","No","No","No","No","No","No Indicator","No Automated Indicator","No","","Pending Manual Reviewer","","No Automated Indicator",""
"PRIV-0317","1.0.0","2026-08-01","release-tools/Build-Version1Release.ps1","Repository File","No","No","No","No","No","No","No Indicator","No Automated Indicator","No","","Pending Manual Reviewer","","No Automated Indicator",""
"PRIV-0318","1.0.0","2026-08-01","release-tools/New-PublicationCandidate.ps1","Repository File","No","No","No","No","No","No","No Indicator","No Automated Indicator","No","","Pending Manual Reviewer","","No Automated Indicator",""
"PRIV-0319","1.0.0","2026-08-01","scripts/New-CurriculumInventory.ps1","Repository File","No","No","No","No","No","No","No Indicator","No Automated Indicator","No","","Pending Manual Reviewer","","No Automated Indicator",""
"PRIV-0320","1.0.0","2026-08-01","scripts/New-FinalCurriculumLessonInventory.ps1","Repository File","No","No","No","No","No","No","No Indicator","No Automated Indicator","No","","Pending Manual Reviewer","","No Automated Indicator",""
"PRIV-0321","1.0.0","2026-08-01","scripts/New-Version1AutomatedPreAudit.ps1","Repository File","No","No","No","No","No","No","No Indicator","No Automated Indicator","No","","Pending Manual Reviewer","","No Automated Indicator",""
"PRIV-0322","1.0.0","2026-08-01","scripts/Test-AcronymUsage.ps1","Repository File","No","No","No","No","No","No","No Indicator","No Automated Indicator","No","","Pending Manual Reviewer","","No Automated Indicator",""
"PRIV-0323","1.0.0","2026-08-01","scripts/Test-FileChecksums.ps1","Repository File","No","No","No","No","No","No","No Indicator","No Automated Indicator","No","","Pending Manual Reviewer","","No Automated Indicator",""
"PRIV-0324","1.0.0","2026-08-01","scripts/Test-PortfolioCsvQuality.ps1","Repository File","No","No","No","No","No","No","No Indicator","No Automated Indicator","No","","Pending Manual Reviewer","","No Automated Indicator",""
"PRIV-0325","1.0.0","2026-08-01","scripts/Test-PortfolioMarkdownQuality.ps1","Repository File","No","No","No","No","No","No","No Indicator","No Automated Indicator","No","","Pending Manual Reviewer","","No Automated Indicator",""
"PRIV-0326","1.0.0","2026-08-01","scripts/Test-RepositoryQuality.ps1","Repository File","No","No","No","No","No","No","No Indicator","No Automated Indicator","No","","Pending Manual Reviewer","","No Automated Indicator",""
"PRIV-0327","1.0.0","2026-08-01","scripts/Test-RepositoryReleaseReadiness.ps1","Repository File","No","No","No","No","No","No","No Indicator","No Automated Indicator","No","","Pending Manual Reviewer","","No Automated Indicator",""
"PRIV-0328","1.0.0","2026-08-01","templates/Account_Consolidation_Decision_Checklist.md","Repository File","No","No","No","No","No","No","No Indicator","No Automated Indicator","No","","Pending Manual Reviewer","","No Automated Indicator",""
"PRIV-0329","1.0.0","2026-08-01","templates/Account_Recovery_and_Security_Restoration_Checklist.md","Repository File","No","No","No","No","No","No","No Indicator","No Automated Indicator","No","","Pending Manual Reviewer","","No Automated Indicator",""
"PRIV-0330","1.0.0","2026-08-01","templates/Annual_Behavioral_Finance_Review.md","Repository File","No","No","No","No","No","No","No Indicator","No Automated Indicator","No","","Pending Manual Reviewer","","No Automated Indicator",""
"PRIV-0331","1.0.0","2026-08-01","templates/Annual_Broker_Custody_and_Investor_Protection_Review.md","Repository File","No","No","No","No","No","No","No Indicator","No Automated Indicator","No","","Pending Manual Reviewer","","No Automated Indicator",""
"PRIV-0332","1.0.0","2026-08-01","templates/Annual_Cross_Border_ETF_Review.md","Repository File","No","No","No","No","No","No","No Indicator","No Automated Indicator","No","","Pending Manual Reviewer","","No Automated Indicator",""
"PRIV-0333","1.0.0","2026-08-01","templates/Annual_ETF_Benchmark_Governance_Review.md","Repository File","No","No","No","No","No","No","No Indicator","No Automated Indicator","No","","Pending Manual Reviewer","","No Automated Indicator",""
"PRIV-0334","1.0.0","2026-08-01","templates/Annual_ETF_Closure_Risk_Review.md","Repository File","No","No","No","No","No","No","No Indicator","No Automated Indicator","No","","Pending Manual Reviewer","","No Automated Indicator",""
"PRIV-0335","1.0.0","2026-08-01","templates/Annual_ETF_Counterparty_and_Complexity_Review.md","Repository File","No","No","No","No","No","No","No Indicator","No Automated Indicator","No","","Pending Manual Reviewer","","No Automated Indicator",""
"PRIV-0336","1.0.0","2026-08-01","templates/Annual_ETF_Execution_Policy_Review.md","Repository File","No","No","No","No","No","No","No Indicator","No Automated Indicator","No","","Pending Manual Reviewer","","No Automated Indicator",""
"PRIV-0337","1.0.0","2026-08-01","templates/Annual_ETF_Portfolio_Construction_Review.md","Repository File","No","No","No","No","No","No","No Indicator","No Automated Indicator","No","","Pending Manual Reviewer","","No Automated Indicator",""
"PRIV-0338","1.0.0","2026-08-01","templates/Annual_ETF_Risk_and_Scenario_Review.md","Repository File","No","No","No","No","No","No","No Indicator","No Automated Indicator","No","","Pending Manual Reviewer","","No Automated Indicator",""
"PRIV-0339","1.0.0","2026-08-01","templates/Annual_Financial_Decision_Quality_Review.md","Repository File","No","No","No","No","No","No","No Indicator","No Automated Indicator","No","","Pending Manual Reviewer","","No Automated Indicator",""
"PRIV-0340","1.0.0","2026-08-01","templates/Annual_Financial_Simplification_Review.md","Repository File","No","No","No","No","No","No","No Indicator","No Automated Indicator","No","","Pending Manual Reviewer","","No Automated Indicator",""
"PRIV-0341","1.0.0","2026-08-01","templates/Annual_Glossary_and_Terminology_Review.md","Repository File","No","No","No","No","No","No","No Indicator","No Automated Indicator","No","","Pending Manual Reviewer","","No Automated Indicator",""
"PRIV-0342","1.0.0","2026-08-01","templates/Annual_Household_Financial_Continuity_Review.md","Repository File","No","No","No","No","No","No","No Indicator","No Automated Indicator","No","","Pending Manual Reviewer","","No Automated Indicator",""
"PRIV-0343","1.0.0","2026-08-01","templates/Annual_Household_Financial_Planning_Cycle.md","Repository File","No","No","No","No","No","No","No Indicator","No Automated Indicator","No","","Pending Manual Reviewer","","No Automated Indicator",""
"PRIV-0344","1.0.0","2026-08-01","templates/Annual_Inflation_Assumption_Approval_Record.md","Repository File","No","No","No","No","No","No","No Indicator","No Automated Indicator","No","","Pending Manual Reviewer","","No Automated Indicator",""
"PRIV-0345","1.0.0","2026-08-01","templates/Annual_Insurance_Review_Template.md","Repository File","No","No","No","No","No","No","No Indicator","No Automated Indicator","No","","Pending Manual Reviewer","","No Automated Indicator",""
"PRIV-0346","1.0.0","2026-08-01","templates/Annual_Investment_Governance_Review.md","Repository File","No","No","No","No","No","No","No Indicator","No Automated Indicator","No","","Pending Manual Reviewer","","No Automated Indicator",""
"PRIV-0347","1.0.0","2026-08-01","templates/Annual_Portfolio_Allocation_Review.md","Repository File","No","No","No","No","No","No","No Indicator","No Automated Indicator","No","","Pending Manual Reviewer","","No Automated Indicator",""
"PRIV-0348","1.0.0","2026-08-01","templates/Annual_Portfolio_Analytics_and_Automation_Governance_Review.md","Repository File","No","No","No","No","No","No","No Indicator","No Automated Indicator","No","","Pending Manual Reviewer","","No Automated Indicator",""
"PRIV-0349","1.0.0","2026-08-01","templates/Annual_Portfolio_Performance_Report.md","Repository File","No","No","No","No","No","No","No Indicator","No Automated Indicator","No","","Pending Manual Reviewer","","No Automated Indicator",""
"PRIV-0350","1.0.0","2026-08-01","templates/Annual_Portfolio_Review_Template.md","Repository File","No","No","No","No","No","No","No Indicator","No Automated Indicator","No","","Pending Manual Reviewer","","No Automated Indicator",""
"PRIV-0351","1.0.0","2026-08-01","templates/Annual_Professional_and_Service_Provider_Review.md","Repository File","No","No","No","No","No","No","No Indicator","No Automated Indicator","No","","Pending Manual Reviewer","","No Automated Indicator",""
"PRIV-0352","1.0.0","2026-08-01","templates/Annual_Retirement_Withdrawal_Sustainability_Review.md","Repository File","No","No","No","No","No","No","No Indicator","No Automated Indicator","No","","Pending Manual Reviewer","","No Automated Indicator",""
"PRIV-0353","1.0.0","2026-08-01","templates/Annual_Source_and_Evidence_Review.md","Repository File","No","No","No","No","No","No","No Indicator","No Automated Indicator","No","","Pending Manual Reviewer","","No Automated Indicator",""
"PRIV-0354","1.0.0","2026-08-01","templates/Annual_Tax_Readiness_Checklist.md","Repository File","No","No","No","No","No","No","No Indicator","No Automated Indicator","No","","Pending Manual Reviewer","","No Automated Indicator",""
"PRIV-0355","1.0.0","2026-08-01","templates/Automated_Portfolio_Monitoring_Run_Review.md","Repository File","No","No","No","No","No","No","No Indicator","No Automated Indicator","No","","Pending Manual Reviewer","","No Automated Indicator",""
"PRIV-0356","1.0.0","2026-08-01","templates/Backup_Recovery_Test_Record.md","Repository File","No","No","No","No","No","No","No Indicator","No Automated Indicator","No","","Pending Manual Reviewer","","No Automated Indicator",""
"PRIV-0357","1.0.0","2026-08-01","templates/Behavioral_Investment_Decision_Checklist.md","Repository File","No","No","No","No","No","No","No Indicator","No Automated Indicator","No","","Pending Manual Reviewer","","No Automated Indicator",""
"PRIV-0358","1.0.0","2026-08-01","templates/Broker_Custody_and_Investor_Protection_Due_Diligence_Checklist.md","Repository File","No","No","No","No","No","No","No Indicator","No Automated Indicator","No","","Pending Manual Reviewer","","No Automated Indicator",""
"PRIV-0359","1.0.0","2026-08-01","templates/Broker_Exit_and_Continuity_Plan.md","Repository File","No","No","No","No","No","No","No Indicator","No Automated Indicator","No","","Pending Manual Reviewer","","No Automated Indicator",""
"PRIV-0360","1.0.0","2026-08-01","templates/Broker_Failure_Immediate_Response_Checklist.md","Repository File","No","No","No","No","No","No","No Indicator","No Automated Indicator","No","","Pending Manual Reviewer","","No Automated Indicator",""
"PRIV-0361","1.0.0","2026-08-01","templates/Calculation_Provenance_Worksheet.md","Repository File","No","No","No","No","No","No","No Indicator","No Automated Indicator","No","","Pending Manual Reviewer","","No Automated Indicator",""
"PRIV-0362","1.0.0","2026-08-01","templates/Capital_Allocation_Priority_Decision_Checklist.md","Repository File","No","No","No","No","No","No","No Indicator","No Automated Indicator","No","","Pending Manual Reviewer","","No Automated Indicator",""
"PRIV-0363","1.0.0","2026-08-01","templates/Capstone_Candidate_Investment_Comparison.md","Repository File","No","No","No","No","No","No","No Indicator","No Automated Indicator","No","","Pending Manual Reviewer","","No Automated Indicator",""
"PRIV-0364","1.0.0","2026-08-01","templates/Capstone_Competency_Assessment.md","Repository File","No","No","No","No","No","No","No Indicator","No Automated Indicator","No","","Pending Manual Reviewer","","No Automated Indicator",""
"PRIV-0365","1.0.0","2026-08-01","templates/Capstone_Final_Recommendation_Report.md","Repository File","No","No","No","No","No","No","No Indicator","No Automated Indicator","No","","Pending Manual Reviewer","","No Automated Indicator",""
"PRIV-0366","1.0.0","2026-08-01","templates/Capstone_Household_Case_Profile.md","Repository File","No","No","No","No","No","No","No Indicator","No Automated Indicator","No","","Pending Manual Reviewer","","No Automated Indicator",""
"PRIV-0367","1.0.0","2026-08-01","templates/Capstone_Integrated_Stress_Test.md","Repository File","No","No","No","No","No","No","No Indicator","No Automated Indicator","No","","Pending Manual Reviewer","","No Automated Indicator",""
"PRIV-0368","1.0.0","2026-08-01","templates/Capstone_Investment_Implementation_Plan.md","Repository File","No","No","No","No","No","No","No Indicator","No Automated Indicator","No","","Pending Manual Reviewer","","No Automated Indicator",""
"PRIV-0369","1.0.0","2026-08-01","templates/Capstone_Investment_Policy_Statement.md","Repository File","No","No","No","No","No","No","No Indicator","No Automated Indicator","No","","Pending Manual Reviewer","","No Automated Indicator",""
"PRIV-0370","1.0.0","2026-08-01","templates/Capstone_Learner_Declaration_and_Reflection.md","Repository File","No","No","No","No","No","No","No Indicator","No Automated Indicator","No","","Pending Manual Reviewer","","No Automated Indicator",""
"PRIV-0371","1.0.0","2026-08-01","templates/Capstone_Monitoring_and_Governance_Plan.md","Repository File","No","No","No","No","No","No","No Indicator","No Automated Indicator","No","","Pending Manual Reviewer","","No Automated Indicator",""
"PRIV-0372","1.0.0","2026-08-01","templates/Capstone_Portfolio_Proposal.md","Repository File","No","No","No","No","No","No","No Indicator","No Automated Indicator","No","","Pending Manual Reviewer","","No Automated Indicator",""
"PRIV-0373","1.0.0","2026-08-01","templates/Cash_Bucket_and_Reserve_Plan.csv","Repository File","No","No","No","No","No","No","No Indicator","No Automated Indicator","No","","Pending Manual Reviewer","","No Automated Indicator",""
"PRIV-0374","1.0.0","2026-08-01","templates/Complex_ETF_Product_Review.md","Repository File","No","No","No","No","No","No","No Indicator","No Automated Indicator","No","","Pending Manual Reviewer","","No Automated Indicator",""
"PRIV-0375","1.0.0","2026-08-01","templates/Conflicting_Evidence_Resolution_Record.md","Repository File","No","No","No","No","No","No","No Indicator","No Automated Indicator","No","","Pending Manual Reviewer","","No Automated Indicator",""
"PRIV-0376","1.0.0","2026-08-01","templates/Cross_Border_Estate_Planning_Review.md","Repository File","No","No","No","No","No","No","No Indicator","No Automated Indicator","No","","Pending Manual Reviewer","","No Automated Indicator",""
"PRIV-0377","1.0.0","2026-08-01","templates/Cross_Border_ETF_Due_Diligence_Checklist.md","Repository File","No","No","No","No","No","No","No Indicator","No Automated Indicator","No","","Pending Manual Reviewer","","No Automated Indicator",""
"PRIV-0378","1.0.0","2026-08-01","templates/Cross_Border_Transfer_Approval_Checklist.md","Repository File","No","No","No","No","No","Potential Match","Potential Indicator","Pending Manual Review","No","Review each potential match and confirm that it is a blank instructional field or remove private content.","Pending Manual Reviewer","","Pending Manual Review",""
"PRIV-0379","1.0.0","2026-08-01","templates/Cross_Border_Transfer_Incident_Record.md","Repository File","No","No","No","No","No","No","No Indicator","No Automated Indicator","No","","Pending Manual Reviewer","","No Automated Indicator",""
"PRIV-0380","1.0.0","2026-08-01","templates/Cross_Border_Transfer_Reconciliation_Worksheet.md","Repository File","No","No","No","No","No","No","No Indicator","No Automated Indicator","No","","Pending Manual Reviewer","","No Automated Indicator",""
"PRIV-0381","1.0.0","2026-08-01","templates/Data_Exposure_Response_Checklist.md","Repository File","No","No","No","No","No","No","No Indicator","No Automated Indicator","No","","Pending Manual Reviewer","","No Automated Indicator",""
"PRIV-0382","1.0.0","2026-08-01","templates/Debt_Management_and_Payoff_Plan.md","Repository File","No","No","No","No","No","No","No Indicator","No Automated Indicator","No","","Pending Manual Reviewer","","No Automated Indicator",""
"PRIV-0383","1.0.0","2026-08-01","templates/Debt_Payoff_Confirmation_Record.md","Repository File","No","No","No","No","No","No","No Indicator","No Automated Indicator","No","","Pending Manual Reviewer","","No Automated Indicator",""
"PRIV-0384","1.0.0","2026-08-01","templates/Distressed_Property_Preliminary_Screening_Checklist.md","Repository File","No","No","No","No","No","No","No Indicator","No Automated Indicator","No","","Pending Manual Reviewer","","No Automated Indicator",""
"PRIV-0385","1.0.0","2026-08-01","templates/Distressed_Property_Site_Visit_Record.md","Repository File","No","No","No","No","No","No","No Indicator","No Automated Indicator","No","","Pending Manual Reviewer","","No Automated Indicator",""
"PRIV-0386","1.0.0","2026-08-01","templates/Emergency_Financial_Handoff_Package.md","Repository File","No","No","No","No","No","No","No Indicator","No Automated Indicator","No","","Pending Manual Reviewer","","No Automated Indicator",""
"PRIV-0387","1.0.0","2026-08-01","templates/Emergency_Financial_Information_Sheet.md","Repository File","No","No","No","No","No","No","No Indicator","No Automated Indicator","No","","Pending Manual Reviewer","","No Automated Indicator",""
"PRIV-0388","1.0.0","2026-08-01","templates/Emergency_Reserve_Use_and_Replenishment_Record.md","Repository File","No","No","No","No","No","No","No Indicator","No Automated Indicator","No","","Pending Manual Reviewer","","No Automated Indicator",""
"PRIV-0389","1.0.0","2026-08-01","templates/ETF_and_Portfolio_Data_Dictionary_Template.md","Repository File","No","No","No","No","No","No","No Indicator","No Automated Indicator","No","","Pending Manual Reviewer","","No Automated Indicator",""
"PRIV-0390","1.0.0","2026-08-01","templates/ETF_and_Portfolio_Stress_Test_Worksheet.md","Repository File","No","No","No","No","No","No","No Indicator","No Automated Indicator","No","","Pending Manual Reviewer","","No Automated Indicator",""
"PRIV-0391","1.0.0","2026-08-01","templates/ETF_Benchmark_and_Methodology_Change_Review.md","Repository File","No","No","No","No","No","No","No Indicator","No Automated Indicator","No","","Pending Manual Reviewer","","No Automated Indicator",""
"PRIV-0392","1.0.0","2026-08-01","templates/ETF_Closure_Merger_and_Delisting_Review_Checklist.md","Repository File","No","No","No","No","No","No","No Indicator","No Automated Indicator","No","","Pending Manual Reviewer","","No Automated Indicator",""
"PRIV-0393","1.0.0","2026-08-01","templates/ETF_Closure_Transition_Decision_Worksheet.md","Repository File","No","No","No","No","No","No","No Indicator","No Automated Indicator","No","","Pending Manual Reviewer","","No Automated Indicator",""
"PRIV-0394","1.0.0","2026-08-01","templates/ETF_Collateral_Risk_Assessment.md","Repository File","No","No","No","No","No","No","No Indicator","No Automated Indicator","No","","Pending Manual Reviewer","","No Automated Indicator",""
"PRIV-0395","1.0.0","2026-08-01","templates/ETF_Concentration_and_Effective_Holdings_Review.md","Repository File","No","No","No","No","No","No","No Indicator","No Automated Indicator","No","","Pending Manual Reviewer","","No Automated Indicator",""
"PRIV-0396","1.0.0","2026-08-01","templates/ETF_Core_Satellite_Allocation_Review.md","Repository File","No","No","No","No","No","No","No Indicator","No Automated Indicator","No","","Pending Manual Reviewer","","No Automated Indicator",""
"PRIV-0397","1.0.0","2026-08-01","templates/ETF_Correlation_and_Diversification_Review.md","Repository File","No","No","No","No","No","No","No Indicator","No Automated Indicator","No","","Pending Manual Reviewer","","No Automated Indicator",""
"PRIV-0398","1.0.0","2026-08-01","templates/ETF_Derivative_and_Counterparty_Review.md","Repository File","No","No","No","No","No","No","No Indicator","No Automated Indicator","No","","Pending Manual Reviewer","","No Automated Indicator",""
"PRIV-0399","1.0.0","2026-08-01","templates/ETF_Distribution_and_Withholding_Reconciliation.md","Repository File","No","No","No","No","No","No","No Indicator","No Automated Indicator","No","","Pending Manual Reviewer","","No Automated Indicator",""
"PRIV-0400","1.0.0","2026-08-01","templates/ETF_Distribution_Source_Review.md","Repository File","No","No","No","No","No","No","No Indicator","No Automated Indicator","No","","Pending Manual Reviewer","","No Automated Indicator",""
"PRIV-0401","1.0.0","2026-08-01","templates/ETF_Domicile_and_After_Tax_Comparison_Worksheet.md","Repository File","No","No","No","No","No","No","No Indicator","No Automated Indicator","No","","Pending Manual Reviewer","","No Automated Indicator",""
"PRIV-0402","1.0.0","2026-08-01","templates/ETF_Drawdown_and_Recovery_Analysis.md","Repository File","No","No","No","No","No","No","No Indicator","No Automated Indicator","No","","Pending Manual Reviewer","","No Automated Indicator",""
"PRIV-0403","1.0.0","2026-08-01","templates/ETF_Estate_and_Succession_Review.md","Repository File","No","No","No","No","No","No","No Indicator","No Automated Indicator","No","","Pending Manual Reviewer","","No Automated Indicator",""
"PRIV-0404","1.0.0","2026-08-01","templates/ETF_Exit_Transition_Execution_Plan.md","Repository File","No","No","No","No","No","No","No Indicator","No Automated Indicator","No","","Pending Manual Reviewer","","No Automated Indicator",""
"PRIV-0405","1.0.0","2026-08-01","templates/ETF_Factor_Tilt_Approval_Worksheet.md","Repository File","No","No","No","No","No","No","No Indicator","No Automated Indicator","No","","Pending Manual Reviewer","","No Automated Indicator",""
"PRIV-0406","1.0.0","2026-08-01","templates/ETF_Index_Methodology_Review_Checklist.md","Repository File","No","No","No","No","No","No","No Indicator","No Automated Indicator","No","","Pending Manual Reviewer","","No Automated Indicator",""
"PRIV-0407","1.0.0","2026-08-01","templates/ETF_Liquidation_Proceeds_Reconciliation.md","Repository File","No","No","No","No","No","No","No Indicator","No Automated Indicator","No","","Pending Manual Reviewer","","No Automated Indicator",""
"PRIV-0408","1.0.0","2026-08-01","templates/ETF_Market_Stress_Response_Checklist.md","Repository File","No","No","No","No","No","No","No Indicator","No Automated Indicator","No","","Pending Manual Reviewer","","No Automated Indicator",""
"PRIV-0409","1.0.0","2026-08-01","templates/ETF_Merger_and_Share_Conversion_Reconciliation.md","Repository File","No","No","No","No","No","No","No Indicator","No Automated Indicator","No","","Pending Manual Reviewer","","No Automated Indicator",""
"PRIV-0410","1.0.0","2026-08-01","templates/ETF_Portfolio_Complexity_and_Simplification_Review.md","Repository File","No","No","No","No","No","No","No Indicator","No Automated Indicator","No","","Pending Manual Reviewer","","No Automated Indicator",""
"PRIV-0411","1.0.0","2026-08-01","templates/ETF_Portfolio_Construction_Worksheet.md","Repository File","No","No","No","No","No","No","No Indicator","No Automated Indicator","No","","Pending Manual Reviewer","","No Automated Indicator",""
"PRIV-0412","1.0.0","2026-08-01","templates/ETF_Portfolio_Implementation_Plan.md","Repository File","No","No","No","No","No","No","No Indicator","No Automated Indicator","No","","Pending Manual Reviewer","","No Automated Indicator",""
"PRIV-0413","1.0.0","2026-08-01","templates/ETF_Portfolio_Look_Through_Exposure_Review.md","Repository File","No","No","No","No","No","No","No Indicator","No Automated Indicator","No","","Pending Manual Reviewer","","No Automated Indicator",""
"PRIV-0414","1.0.0","2026-08-01","templates/ETF_Portfolio_Monitoring_Dashboard_Specification.md","Repository File","No","No","No","No","No","No","No Indicator","No Automated Indicator","No","","Pending Manual Reviewer","","No Automated Indicator",""
"PRIV-0415","1.0.0","2026-08-01","templates/ETF_Portfolio_Overlap_Review.md","Repository File","No","No","No","No","No","No","No Indicator","No Automated Indicator","No","","Pending Manual Reviewer","","No Automated Indicator",""
"PRIV-0416","1.0.0","2026-08-01","templates/ETF_Portfolio_Rebalancing_Decision_Worksheet.md","Repository File","No","No","No","No","No","No","No Indicator","No Automated Indicator","No","","Pending Manual Reviewer","","No Automated Indicator",""
"PRIV-0417","1.0.0","2026-08-01","templates/ETF_Pre_Trade_Liquidity_and_Execution_Checklist.md","Repository File","No","No","No","No","No","No","No Indicator","No Automated Indicator","No","","Pending Manual Reviewer","","No Automated Indicator",""
"PRIV-0418","1.0.0","2026-08-01","templates/ETF_Premium_and_Discount_Analysis_Worksheet.md","Repository File","No","No","No","No","No","No","No Indicator","No Automated Indicator","No","","Pending Manual Reviewer","","No Automated Indicator",""
"PRIV-0419","1.0.0","2026-08-01","templates/ETF_Replacement_Candidate_Review.md","Repository File","No","No","No","No","No","No","No Indicator","No Automated Indicator","No","","Pending Manual Reviewer","","No Automated Indicator",""
"PRIV-0420","1.0.0","2026-08-01","templates/ETF_Risk_Metric_Analysis_Worksheet.md","Repository File","No","No","No","No","No","No","No Indicator","No Automated Indicator","No","","Pending Manual Reviewer","","No Automated Indicator",""
"PRIV-0421","1.0.0","2026-08-01","templates/ETF_Securities_Lending_Due_Diligence_Checklist.md","Repository File","No","No","No","No","No","No","No Indicator","No Automated Indicator","No","","Pending Manual Reviewer","","No Automated Indicator",""
"PRIV-0422","1.0.0","2026-08-01","templates/ETF_Tracking_Difference_Analysis.md","Repository File","No","No","No","No","No","No","No Indicator","No Automated Indicator","No","","Pending Manual Reviewer","","No Automated Indicator",""
"PRIV-0423","1.0.0","2026-08-01","templates/ETF_Trade_Error_and_Correction_Record.md","Repository File","No","No","No","No","No","No","No Indicator","No Automated Indicator","No","","Pending Manual Reviewer","","No Automated Indicator",""
"PRIV-0424","1.0.0","2026-08-01","templates/ETF_Trade_Execution_Reconciliation.md","Repository File","No","No","No","No","No","No","No Indicator","No Automated Indicator","No","","Pending Manual Reviewer","","No Automated Indicator",""
"PRIV-0425","1.0.0","2026-08-01","templates/Financial_Account_Closure_Checklist.md","Repository File","No","No","No","No","No","No","No Indicator","No Automated Indicator","No","","Pending Manual Reviewer","","No Automated Indicator",""
"PRIV-0426","1.0.0","2026-08-01","templates/Financial_Continuity_Activation_Checklist.md","Repository File","No","No","No","No","No","No","No Indicator","No Automated Indicator","No","","Pending Manual Reviewer","","No Automated Indicator",""
"PRIV-0427","1.0.0","2026-08-01","templates/Financial_Continuity_Tabletop_Exercise.md","Repository File","No","No","No","No","No","No","No Indicator","No Automated Indicator","No","","Pending Manual Reviewer","","No Automated Indicator",""
"PRIV-0428","1.0.0","2026-08-01","templates/Financial_Data_Source_Due_Diligence_Checklist.md","Repository File","No","No","No","No","No","No","No Indicator","No Automated Indicator","No","","Pending Manual Reviewer","","No Automated Indicator",""
"PRIV-0429","1.0.0","2026-08-01","templates/Financial_Decision_Outcome_Review.md","Repository File","No","No","No","No","No","No","No Indicator","No Automated Indicator","No","","Pending Manual Reviewer","","No Automated Indicator",""
"PRIV-0430","1.0.0","2026-08-01","templates/Financial_Decision_Pre_Mortem_Worksheet.md","Repository File","No","No","No","No","No","No","No Indicator","No Automated Indicator","No","","Pending Manual Reviewer","","No Automated Indicator",""
"PRIV-0431","1.0.0","2026-08-01","templates/Financial_Decision_Red_Team_Review.md","Repository File","No","No","No","No","No","No","No Indicator","No Automated Indicator","No","","Pending Manual Reviewer","","No Automated Indicator",""
"PRIV-0432","1.0.0","2026-08-01","templates/Financial_Fraud_First_Hour_Checklist.md","Repository File","No","No","No","No","No","No","No Indicator","No Automated Indicator","No","","Pending Manual Reviewer","","No Automated Indicator",""
"PRIV-0433","1.0.0","2026-08-01","templates/Financial_Fraud_Incident_Report.md","Repository File","No","No","No","No","No","No","No Indicator","No Automated Indicator","No","","Pending Manual Reviewer","","No Automated Indicator",""
"PRIV-0434","1.0.0","2026-08-01","templates/Financial_Goal_Completion_and_Capital_Reassignment_Record.md","Repository File","No","No","No","No","No","No","No Indicator","No Automated Indicator","No","","Pending Manual Reviewer","","No Automated Indicator",""
"PRIV-0435","1.0.0","2026-08-01","templates/Financial_Goal_Definition_and_Approval_Record.md","Repository File","No","No","No","No","No","No","No Indicator","No Automated Indicator","No","","Pending Manual Reviewer","","No Automated Indicator",""
"PRIV-0436","1.0.0","2026-08-01","templates/Financial_Incident_Emergency_Contact_Plan.md","Repository File","No","No","No","No","No","No","No Indicator","No Automated Indicator","No","","Pending Manual Reviewer","","No Automated Indicator",""
"PRIV-0437","1.0.0","2026-08-01","templates/Foreign_Exchange_Provider_Due_Diligence_Checklist.md","Repository File","No","No","No","No","No","No","No Indicator","No Automated Indicator","No","","Pending Manual Reviewer","","No Automated Indicator",""
"PRIV-0438","1.0.0","2026-08-01","templates/Household_Currency_Conversion_Policy.md","Repository File","No","No","No","No","No","No","No Indicator","No Automated Indicator","No","","Pending Manual Reviewer","","No Automated Indicator",""
"PRIV-0439","1.0.0","2026-08-01","templates/Household_Financial_Continuity_Plan.md","Repository File","No","No","No","No","No","No","No Indicator","No Automated Indicator","No","","Pending Manual Reviewer","","No Automated Indicator",""
"PRIV-0440","1.0.0","2026-08-01","templates/Household_Financial_Responsibility_Matrix.md","Repository File","No","No","No","No","No","No","No Indicator","No Automated Indicator","No","","Pending Manual Reviewer","","No Automated Indicator",""
"PRIV-0441","1.0.0","2026-08-01","templates/Household_Investment_Governance_Meeting_Minutes.md","Repository File","No","No","No","No","No","No","No Indicator","No Automated Indicator","No","","Pending Manual Reviewer","","No Automated Indicator",""
"PRIV-0442","1.0.0","2026-08-01","templates/Household_Investment_Loss_Capacity_Assessment.md","Repository File","No","No","No","No","No","No","No Indicator","No Automated Indicator","No","","Pending Manual Reviewer","","No Automated Indicator",""
"PRIV-0443","1.0.0","2026-08-01","templates/Independent_Broker_Account_and_Position_Inventory.md","Repository File","Potential Match","No","No","No","No","No","Potential Indicator","Pending Manual Review","No","Review each potential match and confirm that it is a blank instructional field or remove private content.","Pending Manual Reviewer","","Pending Manual Review",""
"PRIV-0444","1.0.0","2026-08-01","templates/Index_Reconstitution_Impact_Assessment.md","Repository File","No","No","No","No","No","No","No Indicator","No Automated Indicator","No","","Pending Manual Reviewer","","No Automated Indicator",""
"PRIV-0445","1.0.0","2026-08-01","templates/Inflation_and_Real_Return_Review_Checklist.md","Repository File","No","No","No","No","No","No","No Indicator","No Automated Indicator","No","","Pending Manual Reviewer","","No Automated Indicator",""
"PRIV-0446","1.0.0","2026-08-01","templates/Insurance_Claim_Incident_Log.md","Repository File","No","No","No","No","No","No","No Indicator","No Automated Indicator","No","","Pending Manual Reviewer","","No Automated Indicator",""
"PRIV-0447","1.0.0","2026-08-01","templates/Insurance_Policy_Review_Checklist.md","Repository File","No","No","No","No","No","No","No Indicator","No Automated Indicator","No","","Pending Manual Reviewer","","No Automated Indicator",""
"PRIV-0448","1.0.0","2026-08-01","templates/Investable_Capital_Decision_Checklist.md","Repository File","No","No","No","No","No","No","No Indicator","No Automated Indicator","No","","Pending Manual Reviewer","","No Automated Indicator",""
"PRIV-0449","1.0.0","2026-08-01","templates/Investment_Account_Funding_Verification_Record.md","Repository File","No","No","No","No","No","No","No Indicator","No Automated Indicator","No","","Pending Manual Reviewer","","No Automated Indicator",""
"PRIV-0450","1.0.0","2026-08-01","templates/Investment_Calculation_Review_Checklist.md","Repository File","No","No","No","No","No","No","No Indicator","No Automated Indicator","No","","Pending Manual Reviewer","","No Automated Indicator",""
"PRIV-0451","1.0.0","2026-08-01","templates/Investment_Comparison_Standard.md","Repository File","No","No","No","No","No","No","No Indicator","No Automated Indicator","No","","Pending Manual Reviewer","","No Automated Indicator",""
"PRIV-0452","1.0.0","2026-08-01","templates/Investment_Control_Test_Worksheet.md","Repository File","No","No","No","No","No","No","No Indicator","No Automated Indicator","No","","Pending Manual Reviewer","","No Automated Indicator",""
"PRIV-0453","1.0.0","2026-08-01","templates/Investment_Decision_Log_Template.md","Repository File","No","No","No","No","No","No","No Indicator","No Automated Indicator","No","","Pending Manual Reviewer","","No Automated Indicator",""
"PRIV-0454","1.0.0","2026-08-01","templates/Investment_Governance_Issue_and_Remediation_Plan.md","Repository File","No","No","No","No","No","No","No Indicator","No Automated Indicator","No","","Pending Manual Reviewer","","No Automated Indicator",""
"PRIV-0455","1.0.0","2026-08-01","templates/Investment_Performance_Attribution_Review.md","Repository File","No","No","No","No","No","No","No Indicator","No Automated Indicator","No","","Pending Manual Reviewer","","No Automated Indicator",""
"PRIV-0456","1.0.0","2026-08-01","templates/Investment_Policy_Exception_Request.md","Repository File","No","No","No","No","No","No","No Indicator","No Automated Indicator","No","","Pending Manual Reviewer","","No Automated Indicator",""
"PRIV-0457","1.0.0","2026-08-01","templates/Investment_Pre_Mortem_Template.md","Repository File","No","No","No","No","No","No","No Indicator","No Automated Indicator","No","","Pending Manual Reviewer","","No Automated Indicator",""
"PRIV-0458","1.0.0","2026-08-01","templates/Investment_Readiness_Assessment.md","Repository File","No","No","No","No","No","No","No Indicator","No Automated Indicator","No","","Pending Manual Reviewer","","No Automated Indicator",""
"PRIV-0459","1.0.0","2026-08-01","templates/Investment_Research_Template.md","Repository File","No","No","No","No","No","No","No Indicator","No Automated Indicator","No","","Pending Manual Reviewer","","No Automated Indicator",""
"PRIV-0460","1.0.0","2026-08-01","templates/Investor_Protection_and_Asset_Recovery_Claim_Package.md","Repository File","Potential Match","No","No","No","No","No","Potential Indicator","Pending Manual Review","No","Review each potential match and confirm that it is a blank instructional field or remove private content.","Pending Manual Reviewer","","Pending Manual Review",""
"PRIV-0461","1.0.0","2026-08-01","templates/Master_Financial_Map_Template.md","Repository File","No","No","No","No","No","No","No Indicator","No Automated Indicator","No","","Pending Manual Reviewer","","No Automated Indicator",""
"PRIV-0462","1.0.0","2026-08-01","templates/Material_Financial_Decision_Journal.md","Repository File","No","No","No","No","No","No","No Indicator","No Automated Indicator","No","","Pending Manual Reviewer","","No Automated Indicator",""
"PRIV-0463","1.0.0","2026-08-01","templates/Monthly_Brokerage_Account_Review.md","Repository File","No","No","No","No","No","No","No Indicator","No Automated Indicator","No","","Pending Manual Reviewer","","No Automated Indicator",""
"PRIV-0464","1.0.0","2026-08-01","templates/Monthly_Cash_and_Liquidity_Review.md","Repository File","No","No","No","No","No","No","No Indicator","No Automated Indicator","No","","Pending Manual Reviewer","","No Automated Indicator",""
"PRIV-0465","1.0.0","2026-08-01","templates/Monthly_Financial_Close_Certification.md","Repository File","No","No","No","No","No","No","No Indicator","No Automated Indicator","No","","Pending Manual Reviewer","","No Automated Indicator",""
"PRIV-0466","1.0.0","2026-08-01","templates/Monthly_Financial_Management_Dashboard.md","Repository File","No","No","No","No","No","No","No Indicator","No Automated Indicator","No","","Pending Manual Reviewer","","No Automated Indicator",""
"PRIV-0467","1.0.0","2026-08-01","templates/Monthly_Household_Financial_Close_Checklist.md","Repository File","No","No","No","No","No","No","No Indicator","No Automated Indicator","No","","Pending Manual Reviewer","","No Automated Indicator",""
"PRIV-0468","1.0.0","2026-08-01","templates/Monthly_Multi_Currency_Cash_Review.md","Repository File","No","No","No","No","No","No","No Indicator","No Automated Indicator","No","","Pending Manual Reviewer","","No Automated Indicator",""
"PRIV-0469","1.0.0","2026-08-01","templates/Monthly_Retirement_Cash_Flow_Review.md","Repository File","No","No","No","No","No","No","No Indicator","No Automated Indicator","No","","Pending Manual Reviewer","","No Automated Indicator",""
"PRIV-0470","1.0.0","2026-08-01","templates/Monthly_Retirement_Income_Review.md","Repository File","No","No","No","No","No","No","No Indicator","No Automated Indicator","No","","Pending Manual Reviewer","","No Automated Indicator",""
"PRIV-0471","1.0.0","2026-08-01","templates/Mortgage_and_Property_Purchase_Review.md","Repository File","No","No","No","No","No","No","No Indicator","No Automated Indicator","No","","Pending Manual Reviewer","","No Automated Indicator",""
"PRIV-0472","1.0.0","2026-08-01","templates/New_Debt_and_Leverage_Decision_Gate.md","Repository File","No","No","No","No","No","No","No Indicator","No Automated Indicator","No","","Pending Manual Reviewer","","No Automated Indicator",""
"PRIV-0473","1.0.0","2026-08-01","templates/Personal_Asset_Inventory_Template.csv","Repository File","No","No","No","No","No","No","No Indicator","No Automated Indicator","No","","Pending Manual Reviewer","","No Automated Indicator",""
"PRIV-0474","1.0.0","2026-08-01","templates/Personal_Balance_Sheet_Summary_Template.md","Repository File","No","No","No","No","No","No","No Indicator","No Automated Indicator","No","","Pending Manual Reviewer","","No Automated Indicator",""
"PRIV-0475","1.0.0","2026-08-01","templates/Personal_Inflation_Calculation_Worksheet.md","Repository File","No","No","No","No","No","No","No Indicator","No Automated Indicator","No","","Pending Manual Reviewer","","No Automated Indicator",""
"PRIV-0476","1.0.0","2026-08-01","templates/Personal_Investment_Policy_Template.md","Repository File","No","No","No","No","No","No","No Indicator","No Automated Indicator","No","","Pending Manual Reviewer","","No Automated Indicator",""
"PRIV-0477","1.0.0","2026-08-01","templates/Personal_Liability_Inventory_Template.csv","Repository File","No","No","No","No","No","No","No Indicator","No Automated Indicator","No","","Pending Manual Reviewer","","No Automated Indicator",""
"PRIV-0478","1.0.0","2026-08-01","templates/Portfolio_Analytics_Exception_Record.md","Repository File","No","No","No","No","No","No","No Indicator","No Automated Indicator","No","","Pending Manual Reviewer","","No Automated Indicator",""
"PRIV-0479","1.0.0","2026-08-01","templates/Portfolio_Analytics_Formula_Approval_Record.md","Repository File","No","No","No","No","No","No","No Indicator","No Automated Indicator","No","","Pending Manual Reviewer","","No Automated Indicator",""
"PRIV-0480","1.0.0","2026-08-01","templates/Portfolio_Data_Quality_Review_Checklist.md","Repository File","No","No","No","No","No","No","No Indicator","No Automated Indicator","No","","Pending Manual Reviewer","","No Automated Indicator",""
"PRIV-0481","1.0.0","2026-08-01","templates/Portfolio_Performance_Reconciliation_Checklist.md","Repository File","No","No","No","No","No","No","No Indicator","No Automated Indicator","No","","Pending Manual Reviewer","","No Automated Indicator",""
"PRIV-0482","1.0.0","2026-08-01","templates/Portfolio_Rebalancing_Decision_Checklist.md","Repository File","No","No","No","No","No","No","No Indicator","No Automated Indicator","No","","Pending Manual Reviewer","","No Automated Indicator",""
"PRIV-0483","1.0.0","2026-08-01","templates/Portfolio_Report_Reproducibility_Record.md","Repository File","No","No","No","No","No","No","No Indicator","No Automated Indicator","No","","Pending Manual Reviewer","","No Automated Indicator",""
"PRIV-0484","1.0.0","2026-08-01","templates/Portfolio_Stress_Test_Template.md","Repository File","No","No","No","No","No","No","No Indicator","No Automated Indicator","No","","Pending Manual Reviewer","","No Automated Indicator",""
"PRIV-0485","1.0.0","2026-08-01","templates/Portfolio_Withdrawal_Execution_Reconciliation.md","Repository File","No","No","No","No","No","No","No Indicator","No Automated Indicator","No","","Pending Manual Reviewer","","No Automated Indicator",""
"PRIV-0486","1.0.0","2026-08-01","templates/Portfolio_Withdrawal_Request_and_Approval_Checklist.md","Repository File","No","No","No","No","No","No","No Indicator","No Automated Indicator","No","","Pending Manual Reviewer","","No Automated Indicator",""
"PRIV-0487","1.0.0","2026-08-01","templates/Post_Incident_Fraud_Control_Review.md","Repository File","No","No","No","No","No","No","No Indicator","No Automated Indicator","No","","Pending Manual Reviewer","","No Automated Indicator",""
"PRIV-0488","1.0.0","2026-08-01","templates/Post_Trade_Settlement_and_Reconciliation_Checklist.md","Repository File","No","No","No","No","No","No","No Indicator","No Automated Indicator","No","","Pending Manual Reviewer","","No Automated Indicator",""
"PRIV-0489","1.0.0","2026-08-01","templates/Pre_Investment_Liquidity_Gate.md","Repository File","No","No","No","No","No","No","No Indicator","No Automated Indicator","No","","Pending Manual Reviewer","","No Automated Indicator",""
"PRIV-0490","1.0.0","2026-08-01","templates/Pre_Trade_Execution_Checklist.md","Repository File","No","No","No","No","No","No","No Indicator","No Automated Indicator","No","","Pending Manual Reviewer","","No Automated Indicator",""
"PRIV-0491","1.0.0","2026-08-01","templates/Pre_Trade_Verification_Checklist.md","Repository File","No","No","No","No","No","No","No Indicator","No Automated Indicator","No","","Pending Manual Reviewer","","No Automated Indicator",""
"PRIV-0492","1.0.0","2026-08-01","templates/Professional_and_Service_Provider_Due_Diligence_Checklist.md","Repository File","No","No","No","No","No","No","No Indicator","No Automated Indicator","No","","Pending Manual Reviewer","","No Automated Indicator",""
"PRIV-0493","1.0.0","2026-08-01","templates/Professional_Consultation_Meeting_Notes.md","Repository File","No","No","No","No","No","No","No Indicator","No Automated Indicator","No","","Pending Manual Reviewer","","No Automated Indicator",""
"PRIV-0494","1.0.0","2026-08-01","templates/Professional_Consultation_Preparation_Checklist.md","Repository File","No","No","No","No","No","No","No Indicator","No Automated Indicator","No","","Pending Manual Reviewer","","No Automated Indicator",""
"PRIV-0495","1.0.0","2026-08-01","templates/Professional_Engagement_Scope_and_Approval_Record.md","Repository File","No","No","No","No","No","No","No Indicator","No Automated Indicator","No","","Pending Manual Reviewer","","No Automated Indicator",""
"PRIV-0496","1.0.0","2026-08-01","templates/Property_Investment_Final_Review.md","Repository File","No","No","No","No","No","No","No Indicator","No Automated Indicator","No","","Pending Manual Reviewer","","No Automated Indicator",""
"PRIV-0497","1.0.0","2026-08-01","templates/Property_Possession_and_Delivery_Record.md","Repository File","No","No","No","No","No","No","No Indicator","No Automated Indicator","No","","Pending Manual Reviewer","","No Automated Indicator",""
"PRIV-0498","1.0.0","2026-08-01","templates/Property_Purchase_and_Closing_Checklist.md","Repository File","No","No","No","No","No","No","No Indicator","No Automated Indicator","No","","Pending Manual Reviewer","","No Automated Indicator",""
"PRIV-0499","1.0.0","2026-08-01","templates/Property_Sale_and_Closing_Checklist.md","Repository File","No","No","No","No","No","No","No Indicator","No Automated Indicator","No","","Pending Manual Reviewer","","No Automated Indicator",""
"PRIV-0500","1.0.0","2026-08-01","templates/Publication_and_Post_Release_Verification_Checklist.md","Repository File","No","No","No","No","No","No","No Indicator","No Automated Indicator","No","","Pending Manual Reviewer","","No Automated Indicator",""
"PRIV-0501","1.0.0","2026-08-01","templates/Purchasing_Power_Risk_Assessment.md","Repository File","No","No","No","No","No","No","No Indicator","No Automated Indicator","No","","Pending Manual Reviewer","","No Automated Indicator",""
"PRIV-0502","1.0.0","2026-08-01","templates/Quarterly_Financial_Goal_Review.md","Repository File","No","No","No","No","No","No","No Indicator","No Automated Indicator","No","","Pending Manual Reviewer","","No Automated Indicator",""
"PRIV-0503","1.0.0","2026-08-01","templates/Quarterly_Household_Financial_Review.md","Repository File","No","No","No","No","No","No","No Indicator","No Automated Indicator","No","","Pending Manual Reviewer","","No Automated Indicator",""
"PRIV-0504","1.0.0","2026-08-01","templates/Rebalancing_Trade_Execution_Plan.md","Repository File","No","No","No","No","No","No","No Indicator","No Automated Indicator","No","","Pending Manual Reviewer","","No Automated Indicator",""
"PRIV-0505","1.0.0","2026-08-01","templates/Release_Candidate_Approval_Record.md","Repository File","No","No","No","No","No","No","No Indicator","No Automated Indicator","No","","Pending Manual Reviewer","","No Automated Indicator",""
"PRIV-0506","1.0.0","2026-08-01","templates/Renovation_Contractor_Due_Diligence_Checklist.md","Repository File","No","No","No","No","No","No","No Indicator","No Automated Indicator","No","","Pending Manual Reviewer","","No Automated Indicator",""
"PRIV-0507","1.0.0","2026-08-01","templates/Renovation_Project_Closeout_Checklist.md","Repository File","No","No","No","No","No","No","No Indicator","No Automated Indicator","No","","Pending Manual Reviewer","","No Automated Indicator",""
"PRIV-0508","1.0.0","2026-08-01","templates/Rental_Property_Readiness_Checklist.md","Repository File","No","No","No","No","No","No","No Indicator","No Automated Indicator","No","","Pending Manual Reviewer","","No Automated Indicator",""
"PRIV-0509","1.0.0","2026-08-01","templates/Repository_Publication_Readiness_Checklist.md","Repository File","No","No","No","No","No","No","No Indicator","No Automated Indicator","No","","Pending Manual Reviewer","","No Automated Indicator",""
"PRIV-0510","1.0.0","2026-08-01","templates/Required_Reserves_and_Committed_Capital_Template.csv","Repository File","No","No","No","No","No","No","No Indicator","No Automated Indicator","No","","Pending Manual Reviewer","","No Automated Indicator",""
"PRIV-0511","1.0.0","2026-08-01","templates/Research_Note_with_Evidence_Provenance.md","Repository File","No","No","No","No","No","No","No Indicator","No Automated Indicator","No","","Pending Manual Reviewer","","No Automated Indicator",""
"PRIV-0512","1.0.0","2026-08-01","templates/Retirement_Income_and_ETF_Withdrawal_Plan.md","Repository File","No","No","No","No","No","No","No Indicator","No Automated Indicator","No","","Pending Manual Reviewer","","No Automated Indicator",""
"PRIV-0513","1.0.0","2026-08-01","templates/Retirement_Withdrawal_Guardrail_Policy.md","Repository File","No","No","No","No","No","No","No Indicator","No Automated Indicator","No","","Pending Manual Reviewer","","No Automated Indicator",""
"PRIV-0514","1.0.0","2026-08-01","templates/Retirement_Withdrawal_Policy_Template.md","Repository File","No","No","No","No","No","No","No Indicator","No Automated Indicator","No","","Pending Manual Reviewer","","No Automated Indicator",""
"PRIV-0515","1.0.0","2026-08-01","templates/Return_to_Control_and_Continuity_Closure_Checklist.md","Repository File","No","No","No","No","No","No","No Indicator","No Automated Indicator","No","","Pending Manual Reviewer","","No Automated Indicator",""
"PRIV-0516","1.0.0","2026-08-01","templates/Secure_Repository_Pre_Commit_Checklist.md","Repository File","No","No","No","No","No","No","No Indicator","No Automated Indicator","No","","Pending Manual Reviewer","","No Automated Indicator",""
"PRIV-0517","1.0.0","2026-08-01","templates/Sequence_of_Returns_Risk_Stress_Test.md","Repository File","No","No","No","No","No","No","No Indicator","No Automated Indicator","No","","Pending Manual Reviewer","","No Automated Indicator",""
"PRIV-0518","1.0.0","2026-08-01","templates/Service_Provider_Payment_Verification_Record.md","Repository File","No","No","No","No","No","Potential Match","Potential Indicator","Pending Manual Review","No","Review each potential match and confirm that it is a blank instructional field or remove private content.","Pending Manual Reviewer","","Pending Manual Review",""
"PRIV-0519","1.0.0","2026-08-01","templates/Service_Provider_Suspension_and_Termination_Checklist.md","Repository File","No","No","No","No","No","No","No Indicator","No Automated Indicator","No","","Pending Manual Reviewer","","No Automated Indicator",""
"PRIV-0520","1.0.0","2026-08-01","templates/Small_Pilot_Final_Review.md","Repository File","No","No","No","No","No","No","No Indicator","No Automated Indicator","No","","Pending Manual Reviewer","","No Automated Indicator",""
"PRIV-0521","1.0.0","2026-08-01","templates/Source_Verification_and_Citation_Review_Checklist.md","Repository File","No","No","No","No","No","No","No Indicator","No Automated Indicator","No","","Pending Manual Reviewer","","No Automated Indicator",""
"PRIV-0522","1.0.0","2026-08-01","templates/Successor_Broker_Transfer_and_Asset_Reconciliation.md","Repository File","No","No","No","No","No","No","No Indicator","No Automated Indicator","No","","Pending Manual Reviewer","","No Automated Indicator",""
"PRIV-0523","1.0.0","2026-08-01","templates/Suspected_Investment_Fraud_Incident_Log.md","Repository File","No","No","No","No","No","No","No Indicator","No Automated Indicator","No","","Pending Manual Reviewer","","No Automated Indicator",""
"PRIV-0524","1.0.0","2026-08-01","templates/Tax_Notice_and_Authority_Correspondence_Log.md","Repository File","No","No","No","No","No","No","No Indicator","No Automated Indicator","No","","Pending Manual Reviewer","","No Automated Indicator",""
"PRIV-0525","1.0.0","2026-08-01","templates/Tax_Professional_Handoff_Package.md","Repository File","No","No","No","No","No","No","No Indicator","No Automated Indicator","No","","Pending Manual Reviewer","","No Automated Indicator",""
"PRIV-0526","1.0.0","2026-08-01","templates/Tax_Record_Retention_Schedule.md","Repository File","No","No","No","No","No","No","No Indicator","No Automated Indicator","No","","Pending Manual Reviewer","","No Automated Indicator",""
"PRIV-0527","1.0.0","2026-08-01","templates/Tax_Return_Draft_Review_Checklist.md","Repository File","No","No","No","No","No","No","No Indicator","No Automated Indicator","No","","Pending Manual Reviewer","","No Automated Indicator",""
"PRIV-0528","1.0.0","2026-08-01","templates/Tax_Year_Close_and_Filing_Certification.md","Repository File","No","No","No","No","No","No","No Indicator","No Automated Indicator","No","","Pending Manual Reviewer","","No Automated Indicator",""
"PRIV-0529","1.0.0","2026-08-01","templates/Tenant_Move_In_Move_Out_Condition_Record.md","Repository File","No","No","No","No","No","No","No Indicator","No Automated Indicator","No","","Pending Manual Reviewer","","No Automated Indicator",""
"PRIV-0530","1.0.0","2026-08-01","templates/Terminology_Change_Request.md","Repository File","No","No","No","No","No","No","No Indicator","No Automated Indicator","No","","Pending Manual Reviewer","","No Automated Indicator",""
"PRIV-0531","1.0.0","2026-08-01","templates/Transaction_Decision_Gate_Review.md","Repository File","No","No","No","No","No","No","No Indicator","No Automated Indicator","No","","Pending Manual Reviewer","","No Automated Indicator",""
"PRIV-0532","1.0.0","2026-08-01","templates/Version_1_Final_Curriculum_Audit_Checklist.md","Repository File","No","No","No","No","No","No","No Indicator","No Automated Indicator","No","","Pending Manual Reviewer","","No Automated Indicator",""
"PRIV-0533","1.0.0","2026-08-01","TERMINOLOGY_STYLE_GUIDE.md","Repository File","No","No","No","No","No","No","No Indicator","No Automated Indicator","No","","Pending Manual Reviewer","","No Automated Indicator",""
